Date,timestamp,Temp Out,Hi Temp,Low Temp,Out Hum,Dew Pt.,Wind Speed,Wind Dir,Wind Run,Hi Speed,Hi Dir,Wind Chill,Bar,Rain,Rain Rate,In Temp,In Hum,In Dew,Wind Samp,Arc.Int.,dew_point_outside_high,dew_point_outside_low,heat_index_inside,minutes_past_midnight,rain_amount_clicks,rain_collector_type,rain_rate_clicks,temperature_wet_bulb,temperature_wet_bulb_high,temperature_wet_bulb_low,wind_chill_high,wind_chill_low,wind_direction_prevailing_degrees,wind_direction_speed_high_degrees
2025-03-01 00:15:00,1740777300,3.4,3.4,3.4,65.0,23.4,2.0,SSE,0.80,2.22,SSE,33.0,778.23,0.00,0.00,36.60,25.0,-2.00,348,15,23.5,23.4,,15,0,inches_0_01,0,30.5,30.6,30.5,33.1,29.3,157.50,157.50
2025-03-01 00:30:00,1740778200,3.2,3.3,3.2,66.0,23.5,1.0,SSE,0.40,1.78,SSE,33.6,778.23,0.00,0.00,36.60,25.0,-2.10,350,15,23.7,23.5,,30,0,inches_0_01,0,30.4,30.6,30.4,33.9,29.9,157.50,157.50
2025-03-01 00:45:00,1740779100,3.2,3.3,3.2,66.0,23.5,1.0,SSE,0.40,1.33,SSE,33.6,778.28,0.00,0.00,36.60,25.0,-2.10,350,15,23.6,23.5,,45,0,inches_0_01,0,30.4,30.4,30.4,33.7,31.1,157.50,157.50
2025-03-01 01:00:00,1740780000,3.2,3.2,3.2,67.0,24.0,2.0,S,0.80,1.78,SSE,32.9,778.31,0.00,0.00,36.40,25.0,-2.10,348,15,24.0,23.8,,60,0,inches_0_01,0,30.6,30.6,30.4,32.9,29.9,180.00,157.50
2025-03-01 01:15:00,1740780900,3.2,3.2,3.2,67.0,24.0,1.0,SSE,0.40,1.78,SSE,33.8,778.26,0.00,0.00,36.40,25.0,-2.10,351,15,24.1,23.9,,75,0,inches_0_01,0,30.6,30.7,30.5,33.9,30.0,157.50,157.50
2025-03-01 01:30:00,1740781800,3.1,3.1,3.1,68.0,24.2,2.0,SSE,0.80,2.22,SSE,32.7,778.31,0.00,0.00,36.50,25.0,-2.10,347,15,24.4,24.2,,90,0,inches_0_01,0,30.5,30.7,30.5,32.9,28.9,157.50,157.50
2025-03-01 01:45:00,1740782700,3.0,3.0,3.0,69.0,24.5,2.0,SSE,0.80,2.22,SSE,32.7,778.28,0.00,0.00,36.30,25.0,-2.20,351,15,24.5,24.4,,105,0,inches_0_01,0,30.6,30.6,30.5,32.7,28.8,157.50,157.50
2025-03-01 02:00:00,1740783600,3.0,3.0,3.0,69.0,24.3,2.0,SSE,0.80,2.22,SSE,32.5,778.28,0.00,0.00,36.40,25.0,-2.30,349,15,24.4,24.3,,120,0,inches_0_01,0,30.4,30.5,30.4,32.6,28.7,157.50,157.50
2025-03-01 02:15:00,1740784500,3.0,3.0,3.0,69.0,24.3,3.0,SSE,1.20,2.67,SSE,30.9,778.31,0.00,0.00,36.40,24.0,-3.30,349,15,24.4,24.3,,135,0,inches_0_01,0,30.4,30.5,30.4,31.0,27.8,157.50,157.50
2025-03-01 02:30:00,1740785400,2.9,2.9,2.9,70.0,24.7,1.0,SSE,0.40,1.78,S,33.4,778.23,0.00,0.00,36.30,24.0,-3.30,349,15,24.7,24.6,,150,0,inches_0_01,0,30.5,30.5,30.4,33.4,29.5,157.50,180.00
2025-03-01 02:45:00,1740786300,2.9,2.9,2.9,70.0,24.7,2.0,SSE,0.80,1.78,S,32.5,778.18,0.00,0.00,36.20,24.0,-3.40,350,15,24.7,24.6,,165,0,inches_0_01,0,30.5,30.5,30.4,32.5,29.5,157.50,180.00
2025-03-01 03:00:00,1740787200,2.9,2.9,2.9,70.0,24.7,2.0,SSE,0.80,2.22,SSE,32.5,778.18,0.00,0.00,36.20,24.0,-3.40,350,15,24.8,24.7,,180,0,inches_0_01,0,30.5,30.6,30.5,32.6,28.7,157.50,157.50
2025-03-01 03:15:00,1740788100,2.8,2.8,2.8,71.0,24.8,3.0,SSE,1.20,3.11,SSE,30.6,778.10,0.00,0.00,36.30,24.0,-3.40,351,15,25.0,24.8,,195,0,inches_0_01,0,30.4,30.6,30.4,30.9,26.9,157.50,157.50
2025-03-01 03:30:00,1740789000,2.7,2.8,2.7,71.0,24.5,2.0,SSE,0.80,2.67,SSE,31.9,778.10,0.00,0.00,36.50,24.0,-3.40,350,15,24.8,24.5,,210,0,inches_0_01,0,30.2,30.4,30.2,32.2,27.3,157.50,157.50
2025-03-01 03:45:00,1740789900,2.7,2.8,2.7,71.0,24.4,3.0,SSE,1.20,3.11,SSE,30.2,777.93,0.00,0.00,36.50,24.0,-3.50,350,15,24.6,24.4,,225,0,inches_0_01,0,30.1,30.2,30.1,30.4,26.4,157.50,157.50
2025-03-01 04:00:00,1740790800,2.8,2.8,2.7,71.0,24.5,2.0,SSE,0.80,2.22,SSE,31.9,777.90,0.00,0.00,36.40,24.0,-3.50,350,15,24.6,24.4,,240,0,inches_0_01,0,30.1,30.2,30.1,32.0,28.0,157.50,157.50
2025-03-01 04:15:00,1740791700,2.7,2.7,2.7,72.0,25.0,2.0,SSE,0.80,2.22,SSE,32.0,777.88,0.00,0.00,36.10,24.0,-3.60,350,15,25.0,24.8,,255,0,inches_0_01,0,30.3,30.3,30.1,32.0,28.0,157.50,157.50
2025-03-01 04:30:00,1740792600,2.8,2.8,2.8,71.0,24.5,2.0,SSE,0.80,2.22,SSE,31.9,777.75,0.00,0.00,36.40,24.0,-3.50,351,15,24.6,24.5,,270,0,inches_0_01,0,30.1,30.2,30.1,32.0,28.1,157.50,157.50
2025-03-01 04:45:00,1740793500,2.7,2.7,2.7,72.0,24.9,1.0,SSE,0.40,1.78,SSE,32.9,777.88,0.00,0.00,36.20,24.0,-3.60,349,15,25.0,24.8,,285,0,inches_0_01,0,30.2,30.3,30.1,33.0,29.0,157.50,157.50
2025-03-01 05:00:00,1740794400,2.7,2.7,2.7,72.0,24.8,1.0,SSE,0.40,1.78,SSE,32.8,777.88,0.00,0.00,36.40,24.0,-3.50,351,15,24.9,24.8,,300,0,inches_0_01,0,30.1,30.2,30.1,32.9,29.0,157.50,157.50
2025-03-01 05:15:00,1740795300,2.7,2.7,2.7,72.0,24.8,2.0,SSE,0.80,1.78,SSE,31.8,777.90,0.00,0.00,36.40,24.0,-3.50,348,15,25.0,24.8,,315,0,inches_0_01,0,30.1,30.3,30.1,32.0,29.0,157.50,157.50
2025-03-01 05:30:00,1740796200,2.7,2.7,2.7,72.0,24.8,2.0,SSE,0.80,2.67,SSE,31.8,777.93,0.00,0.00,36.40,24.0,-3.50,349,15,24.9,24.8,,330,0,inches_0_01,0,30.1,30.2,30.1,31.9,27.1,157.50,157.50
2025-03-01 05:45:00,1740797100,2.7,2.7,2.7,72.0,24.8,3.0,SSE,1.20,3.11,SSE,30.2,777.82,0.00,0.00,36.40,24.0,-3.50,351,15,24.9,24.8,,345,0,inches_0_01,0,30.1,30.2,30.1,30.3,26.4,157.50,157.50
2025-03-01 06:00:00,1740798000,2.7,2.7,2.6,72.0,24.8,3.0,SSE,1.20,2.22,SSE,30.2,777.82,0.00,0.00,36.40,24.0,-3.50,349,15,24.8,24.7,,360,0,inches_0_01,0,30.1,30.1,30.1,30.2,27.8,157.50,157.50
2025-03-01 06:15:00,1740798900,2.7,2.7,2.7,72.0,24.8,2.0,SSE,0.80,1.78,SSE,31.8,777.75,0.00,0.00,36.30,24.0,-3.60,348,15,24.8,24.8,,375,0,inches_0_01,0,30.1,30.1,30.1,31.8,29.0,157.50,157.50
2025-03-01 06:30:00,1740799800,2.7,2.7,2.7,72.0,24.8,1.0,SSE,0.40,1.78,SSE,32.8,777.70,0.00,0.00,36.30,24.0,-3.60,350,15,24.8,24.8,,390,0,inches_0_01,0,30.1,30.1,30.1,32.8,29.0,157.50,157.50
2025-03-01 06:45:00,1740800700,2.7,2.7,2.6,72.0,24.8,1.0,SSE,0.40,1.33,SSE,32.8,777.62,0.00,0.00,36.20,24.0,-3.70,349,15,24.8,24.7,,405,0,inches_0_01,0,30.1,30.1,30.1,32.8,30.1,157.50,157.50
2025-03-01 07:00:00,1740801600,2.6,2.7,2.6,72.0,24.6,2.0,SSE,0.80,1.78,SSE,31.6,777.62,0.00,0.00,36.40,24.0,-3.60,350,15,24.8,24.6,,420,0,inches_0_01,0,30.0,30.1,30.0,31.8,28.7,157.50,157.50
2025-03-01 07:15:00,1740802500,2.6,2.6,2.6,72.0,24.4,2.0,SSE,0.80,3.11,SE,31.4,777.62,0.00,0.00,36.50,24.0,-3.70,351,15,24.7,24.4,,435,0,inches_0_01,0,29.8,30.1,29.8,31.7,25.9,157.50,135.00
2025-03-01 07:30:00,1740803400,2.6,2.6,2.6,72.0,24.0,2.0,SSE,0.80,2.22,SSE,30.9,777.67,0.00,0.00,36.90,24.0,-3.70,350,15,24.4,24.0,,450,0,inches_0_01,0,29.4,29.8,29.4,31.4,27.0,157.50,157.50
2025-03-01 07:45:00,1740804300,2.6,2.6,2.6,72.0,23.7,2.0,SSE,0.80,2.22,SSE,30.6,777.75,0.00,0.00,37.10,24.0,-3.80,350,15,24.0,23.6,,465,0,inches_0_01,0,29.1,29.4,29.0,30.9,26.6,157.50,157.50
2025-03-01 08:00:00,1740805200,2.5,2.5,2.5,73.0,23.8,2.0,SSE,0.80,2.22,SSE,30.3,777.70,0.00,0.00,37.20,24.0,-3.90,350,15,24.0,23.8,,480,0,inches_0_01,0,28.9,29.2,28.9,30.6,26.3,157.50,157.50
2025-03-01 08:15:00,1740806100,2.5,2.5,2.5,73.0,23.7,1.0,SSE,0.40,2.22,SSE,31.3,777.70,0.00,0.00,37.20,24.0,-4.00,350,15,23.8,23.6,,495,0,inches_0_01,0,28.8,28.9,28.7,31.4,26.1,157.50,157.50
2025-03-01 08:30:00,1740807000,2.5,2.5,2.4,73.0,23.7,1.0,S,0.40,1.78,SSE,31.3,777.70,0.00,0.00,37.20,24.0,-4.00,350,15,23.7,23.5,,510,0,inches_0_01,0,28.8,28.8,28.7,31.3,27.0,180.00,157.50
2025-03-01 08:45:00,1740807900,2.6,2.6,2.5,72.0,23.5,2.0,SSE,0.80,2.22,SSE,30.4,777.75,0.00,0.00,37.10,24.0,-4.00,351,15,23.5,23.3,,525,0,inches_0_01,0,28.9,28.9,28.8,30.4,26.2,157.50,157.50
2025-03-01 09:00:00,1740808800,2.6,2.6,2.6,72.0,23.7,2.0,SSE,0.80,2.67,SSE,30.6,777.70,0.00,0.00,36.90,24.0,-4.00,351,15,23.7,23.5,,540,0,inches_0_01,0,29.1,29.1,28.9,30.6,25.6,157.50,157.50
2025-03-01 09:15:00,1740809700,2.7,2.7,2.7,71.0,23.6,2.0,SSE,0.80,2.67,SSE,30.8,777.75,0.00,0.00,36.70,24.0,-4.00,350,15,23.6,23.4,,555,0,inches_0_01,0,29.2,29.2,29.0,30.8,25.8,157.50,157.50
2025-03-01 09:30:00,1740810600,2.7,2.7,2.7,71.0,24.0,1.0,SSE,0.40,1.78,SSE,32.3,777.62,0.00,0.00,36.40,24.0,-4.00,352,15,24.0,23.6,,570,0,inches_0_01,0,29.6,29.6,29.2,32.3,27.9,157.50,157.50
2025-03-01 09:45:00,1740811500,2.8,2.8,2.8,70.0,24.0,2.0,SSW,0.80,2.22,SSE,31.7,777.57,0.00,0.00,36.10,24.0,-4.00,350,15,24.0,23.6,,585,0,inches_0_01,0,29.9,29.9,29.5,31.7,27.4,202.50,157.50
2025-03-01 10:00:00,1740812400,2.9,2.9,2.9,69.0,23.9,2.0,S,0.80,2.67,SSE,32.0,777.60,0.00,0.00,35.90,24.0,-4.00,349,15,23.9,23.6,,600,0,inches_0_01,0,30.1,30.1,29.7,32.0,26.9,180.00,157.50
2025-03-01 10:15:00,1740813300,3.1,3.1,3.0,68.0,24.1,2.0,SSE,0.80,2.22,SSE,32.6,777.60,0.00,0.00,35.80,24.0,-3.80,351,15,24.2,23.6,,615,0,inches_0_01,0,30.4,30.5,30.0,32.7,28.2,157.50,157.50
2025-03-01 10:30:00,1740814200,3.1,3.1,3.1,68.0,24.5,3.0,SSE,1.20,2.67,S,31.4,777.60,0.00,0.00,35.50,24.0,-3.70,351,15,24.5,24.1,,630,0,inches_0_01,0,30.8,30.8,30.4,31.4,28.0,157.50,180.00
2025-03-01 10:45:00,1740815100,3.2,3.2,3.2,67.0,24.6,3.0,SSE,1.20,2.67,S,32.0,777.49,0.00,0.00,35.40,24.0,-3.50,350,15,24.6,24.1,,645,0,inches_0_01,0,31.2,31.2,30.7,32.0,28.4,157.50,180.00
2025-03-01 11:00:00,1740816000,3.4,3.4,3.3,66.0,24.7,3.0,SSE,1.20,2.67,SSE,32.5,777.52,0.00,0.00,35.30,24.0,-3.30,349,15,24.7,24.1,,660,0,inches_0_01,0,31.5,31.5,31.0,32.5,28.9,157.50,157.50
2025-03-01 11:15:00,1740816900,3.5,3.5,3.5,65.0,24.7,3.0,SSE,1.20,3.56,SSE,33.0,777.54,0.00,0.00,35.30,24.0,-3.00,348,15,24.7,24.3,,675,0,inches_0_01,0,31.8,31.8,31.4,33.0,28.3,157.50,157.50
2025-03-01 11:30:00,1740817800,3.5,3.5,3.5,65.0,24.7,4.0,SSE,1.60,3.56,SSE,31.8,777.60,0.00,0.00,35.60,24.0,-2.80,351,15,24.7,24.5,,690,0,inches_0_01,0,31.8,31.8,31.6,31.8,28.6,157.50,157.50
2025-03-01 11:45:00,1740818700,3.7,3.7,3.6,64.0,25.0,3.0,SSE,1.20,2.67,SSE,33.8,777.47,0.00,0.00,35.30,24.0,-2.60,352,15,25.0,24.3,,705,0,inches_0_01,0,32.3,32.3,31.7,33.8,30.1,157.50,157.50
2025-03-01 12:00:00,1740819600,4.0,4.0,3.8,62.0,25.2,3.0,SSE,1.20,4.00,SE,34.9,777.49,0.00,0.00,34.90,24.0,-2.40,350,15,25.2,24.2,,720,0,inches_0_01,0,33.0,33.0,32.2,34.9,29.1,157.50,135.00
2025-03-01 12:15:00,1740820500,4.1,4.1,4.0,61.0,25.5,2.0,SSE,0.80,2.22,SSE,37.2,777.49,0.00,0.00,34.60,23.0,-3.20,350,15,25.5,24.8,,735,0,inches_0_01,0,33.6,33.6,33.0,37.2,32.9,157.50,157.50
2025-03-01 12:30:00,1740821400,4.3,4.3,4.2,60.0,25.4,2.0,SSE,0.80,2.67,SSE,37.6,777.52,0.00,0.00,34.90,23.0,-2.70,351,15,25.4,25.2,,750,0,inches_0_01,0,33.8,33.8,33.6,37.6,33.1,157.50,157.50
2025-03-01 12:45:00,1740822300,4.4,4.4,4.4,59.0,25.4,2.0,SSE,0.80,3.11,SSE,38.1,777.42,0.00,0.00,35.10,23.0,-2.30,352,15,25.5,25.0,,765,0,inches_0_01,0,34.1,34.2,33.7,38.2,32.8,157.50,157.50
2025-03-01 13:00:00,1740823200,4.5,4.5,4.5,58.0,24.7,3.0,SSE,1.20,4.89,SSE,36.3,777.32,0.00,0.00,35.90,23.0,-2.00,350,15,25.1,24.6,,780,0,inches_0_01,0,33.7,34.1,33.6,36.7,30.8,157.50,157.50
2025-03-01 13:15:00,1740824100,4.5,4.5,4.5,58.0,25.2,4.0,SSE,1.60,4.00,SE,35.8,777.24,0.00,0.00,35.80,23.0,-1.70,349,15,25.2,24.6,68.9,795,0,inches_0_01,0,34.2,34.2,33.6,35.8,31.7,157.50,135.00
2025-03-01 13:30:00,1740825000,4.7,4.7,4.6,57.0,25.0,4.0,SSE,1.60,4.00,SE,36.0,777.09,0.00,0.00,36.00,23.0,-1.50,347,15,25.0,24.7,69.2,810,0,inches_0_01,0,34.2,34.2,34.0,36.0,32.3,157.50,135.00
2025-03-01 13:45:00,1740825900,4.8,4.8,4.7,56.0,25.1,4.0,SSE,1.60,4.44,SSE,36.7,776.91,0.00,0.00,35.80,23.0,-1.20,349,15,25.1,24.5,69.5,825,0,inches_0_01,0,34.7,34.7,34.2,36.7,32.2,157.50,157.50
2025-03-01 14:00:00,1740826800,4.9,4.9,4.8,56.0,25.5,4.0,SSE,1.60,4.89,SSE,37.2,776.86,0.00,0.00,35.80,23.0,-1.00,351,15,25.5,25.0,69.8,840,0,inches_0_01,0,35.0,35.0,34.6,37.2,32.4,157.50,157.50
2025-03-01 14:15:00,1740827700,5.0,5.0,5.0,55.0,25.4,2.0,SSE,0.80,2.67,SSE,39.6,776.78,0.00,0.00,35.70,23.0,-0.80,347,15,25.4,25.0,70.0,855,0,inches_0_01,0,35.3,35.3,34.9,39.6,35.6,157.50,157.50
2025-03-01 14:30:00,1740828600,5.1,5.2,5.1,54.0,24.9,3.0,SSE,1.20,5.33,SSE,,776.66,0.00,0.00,36.20,22.0,-1.70,351,15,25.2,24.9,70.3,870,0,inches_0_01,0,35.1,35.3,35.1,,,157.50,157.50
2025-03-01 14:45:00,1740829500,5.2,5.2,5.1,54.0,25.2,2.0,SSE,0.80,2.67,SSE,,776.68,0.00,0.00,36.20,22.0,-1.50,351,15,25.2,25.0,70.5,885,0,inches_0_01,0,35.3,35.3,35.2,,,157.50,157.50
2025-03-01 15:00:00,1740830400,5.1,5.2,5.1,54.0,24.9,4.0,SSE,1.60,3.11,S,,776.60,0.00,0.00,36.70,22.0,-1.30,351,15,25.2,24.9,70.8,900,0,inches_0_01,0,35.1,35.3,35.1,,,157.50,180.00
2025-03-01 15:15:00,1740831300,5.2,5.2,5.1,54.0,25.2,3.0,SSE,1.20,4.00,S,,776.53,0.00,0.00,36.80,22.0,-1.00,349,15,25.2,24.9,71.1,915,0,inches_0_01,0,35.3,35.4,35.1,,,157.50,180.00
2025-03-01 15:30:00,1740832200,5.1,5.2,5.1,54.0,25.0,4.0,SSE,1.60,3.56,SSE,,776.48,0.00,0.00,37.20,22.0,-0.80,350,15,25.2,25.0,71.4,930,0,inches_0_01,0,35.2,35.4,35.2,,,157.50,157.50
2025-03-01 15:45:00,1740833100,5.1,5.1,5.1,54.0,24.9,2.0,SSE,0.80,3.56,SE,,776.53,0.00,0.00,37.50,22.0,-0.60,350,15,25.1,24.9,71.6,945,0,inches_0_01,0,35.1,35.3,35.1,,,157.50,135.00
2025-03-01 16:00:00,1740834000,5.1,5.1,5.1,54.0,24.5,3.0,SSE,1.20,3.56,SE,38.1,776.48,0.00,0.00,38.10,22.0,-0.40,349,15,24.9,24.5,71.9,960,0,inches_0_01,0,34.7,35.1,34.7,38.1,34.3,157.50,135.00
2025-03-01 16:15:00,1740834900,4.9,5.0,4.9,55.0,24.7,3.0,S,1.20,3.11,S,37.8,776.30,0.00,0.00,38.30,22.0,-0.40,350,15,24.9,24.7,72.0,975,0,inches_0_01,0,34.6,34.8,34.6,38.1,34.5,180.00,180.00
2025-03-01 16:30:00,1740835800,4.9,4.9,4.9,55.0,24.3,3.0,S,1.20,2.67,S,37.3,776.33,0.00,0.00,38.80,22.0,-0.30,349,15,24.7,24.3,72.1,990,0,inches_0_01,0,34.2,34.6,34.2,37.8,34.6,180.00,180.00
2025-03-01 16:45:00,1740836700,4.7,4.8,4.7,56.0,24.4,2.0,SSE,0.80,2.67,SSE,38.4,776.40,0.00,0.00,39.00,22.0,-0.20,350,15,24.7,24.4,72.2,1005,0,inches_0_01,0,34.1,34.3,34.1,38.7,34.3,157.50,157.50
2025-03-01 17:00:00,1740837600,4.6,4.6,4.6,57.0,24.3,3.0,SSE,1.20,3.11,SSE,36.3,776.45,0.00,0.00,39.50,22.0,-0.20,348,15,24.8,24.3,72.2,1020,0,inches_0_01,0,33.6,34.1,33.6,36.8,32.9,157.50,157.50
2025-03-01 17:15:00,1740838500,4.5,4.6,4.5,57.0,23.9,2.0,SSE,0.80,3.56,SSE,37.3,776.38,0.00,0.00,39.90,22.0,-0.10,350,15,24.3,23.9,72.3,1035,0,inches_0_01,0,33.3,33.6,33.3,37.7,31.9,157.50,157.50
2025-03-01 17:30:00,1740839400,4.5,4.5,4.5,57.0,23.6,4.0,SSE,1.60,4.89,SSE,34.3,776.48,0.00,0.00,40.20,22.0,-0.20,351,15,23.9,23.6,72.2,1050,0,inches_0_01,0,32.9,33.3,32.9,34.7,29.9,157.50,157.50
2025-03-01 17:45:00,1740840300,4.3,4.4,4.3,58.0,23.8,3.0,SSE,1.20,3.11,SSE,35.1,776.55,0.00,0.00,40.20,22.0,-0.20,349,15,24.0,23.8,72.2,1065,0,inches_0_01,0,32.9,33.0,32.9,35.4,31.7,157.50,157.50
2025-03-01 18:00:00,1740841200,4.3,4.3,4.3,58.0,23.6,2.0,SSE,0.80,2.67,SSE,36.4,776.50,0.00,0.00,40.30,22.0,-0.30,348,15,23.8,23.6,72.1,1080,0,inches_0_01,0,32.7,32.9,32.7,36.6,32.1,157.50,157.50
2025-03-01 18:15:00,1740842100,4.3,4.3,4.3,58.0,23.5,2.0,SSE,0.80,2.67,SSE,36.3,776.48,0.00,0.00,40.40,22.0,-0.30,349,15,23.6,23.5,72.1,1095,0,inches_0_01,0,32.6,32.7,32.6,36.4,32.0,157.50,157.50
2025-03-01 18:30:00,1740843000,4.2,4.2,4.2,59.0,23.8,1.0,SSE,0.40,2.22,SSE,36.8,776.58,0.00,0.00,40.40,22.0,-0.30,350,15,23.9,23.7,72.1,1110,0,inches_0_01,0,32.6,32.7,32.5,36.9,32.5,157.50,157.50
2025-03-01 18:45:00,1740843900,4.2,4.2,4.2,59.0,23.7,2.0,SSE,0.80,3.11,ESE,36.1,776.60,0.00,0.00,40.30,22.0,-0.40,349,15,23.8,23.6,71.9,1125,0,inches_0_01,0,32.5,32.6,32.4,36.2,31.0,157.50,112.50
2025-03-01 19:00:00,1740844800,4.2,4.2,4.2,59.0,23.5,2.0,SSE,0.80,2.67,SSE,35.9,776.55,0.00,0.00,40.40,22.0,-0.50,350,15,23.7,23.4,71.8,1140,0,inches_0_01,0,32.3,32.5,32.2,36.1,31.4,157.50,157.50
2025-03-01 19:15:00,1740845700,4.2,4.3,4.2,58.0,22.9,3.0,SSE,1.20,2.67,SSE,34.1,776.60,0.00,0.00,40.50,22.0,-0.60,350,15,23.1,22.9,71.6,1155,0,inches_0_01,0,32.1,32.2,32.1,34.4,31.3,157.50,157.50
2025-03-01 19:30:00,1740846600,4.2,4.3,4.2,58.0,22.8,3.0,SSE,1.20,4.00,S,34.0,776.60,0.00,0.00,40.50,21.0,-1.80,350,15,23.0,22.7,71.5,1170,0,inches_0_01,0,32.0,32.1,31.9,34.2,29.2,157.50,180.00
2025-03-01 19:45:00,1740847500,4.3,4.3,4.3,57.0,22.2,2.0,SSE,0.80,2.67,SSE,35.3,776.53,0.00,0.00,40.80,22.0,-0.70,349,15,22.4,22.2,71.5,1185,0,inches_0_01,0,31.7,31.9,31.7,35.5,30.9,157.50,157.50
2025-03-01 20:00:00,1740848400,4.4,4.4,4.4,56.0,21.6,2.0,SSE,0.80,2.22,S,35.1,776.50,0.00,0.00,41.00,21.0,-1.90,347,15,21.8,21.6,71.4,1200,0,inches_0_01,0,31.4,31.6,31.4,35.3,31.5,157.50,180.00
2025-03-01 20:15:00,1740849300,4.3,4.4,4.3,56.0,21.4,2.0,SSE,0.80,2.67,SSE,34.9,776.38,0.00,0.00,41.10,21.0,-1.90,350,15,21.6,21.4,71.4,1215,0,inches_0_01,0,31.3,31.4,31.3,35.1,30.5,157.50,157.50
2025-03-01 20:30:00,1740850200,4.3,4.3,4.3,56.0,21.4,3.0,SSE,1.20,4.44,SSE,33.2,776.27,0.00,0.00,41.20,21.0,-1.90,351,15,21.5,21.4,71.4,1230,0,inches_0_01,0,31.2,31.4,31.2,33.5,28.0,157.50,157.50
2025-03-01 20:45:00,1740851100,4.3,4.3,4.3,56.0,21.4,2.0,SSE,0.80,2.22,SSE,34.8,776.22,0.00,0.00,41.10,21.0,-2.00,349,15,21.4,21.3,71.3,1245,0,inches_0_01,0,31.2,31.2,31.1,34.8,31.0,157.50,157.50
2025-03-01 21:00:00,1740852000,4.3,4.3,4.3,56.0,21.2,3.0,SSE,1.20,3.11,SE,33.0,776.20,0.00,0.00,41.30,21.0,-2.00,349,15,21.4,21.2,71.3,1260,0,inches_0_01,0,31.0,31.2,31.0,33.2,29.4,157.50,135.00
2025-03-01 21:15:00,1740852900,4.3,4.3,4.3,56.0,21.2,2.0,SSE,0.80,2.67,SSE,34.5,776.10,0.00,0.00,41.10,21.0,-2.20,348,15,21.3,21.2,71.1,1275,0,inches_0_01,0,31.0,31.1,31.0,34.7,30.1,157.50,157.50
2025-03-01 21:30:00,1740853800,4.2,4.2,4.2,57.0,21.5,2.0,SSE,0.80,2.67,SSE,34.4,776.00,0.00,0.00,41.00,21.0,-2.20,352,15,21.7,21.5,71.0,1290,0,inches_0_01,0,31.0,31.2,31.0,34.7,30.0,157.50,157.50
2025-03-01 21:45:00,1740854700,4.1,4.1,4.1,58.0,21.7,3.0,SSE,1.20,3.11,SSE,32.7,775.97,0.00,0.00,41.10,21.0,-2.20,348,15,22.0,21.7,71.0,1305,0,inches_0_01,0,30.9,31.2,30.9,33.0,29.1,157.50,157.50
2025-03-01 22:00:00,1740855600,4.0,4.0,4.0,59.0,21.7,3.0,SSE,1.20,3.11,SSE,32.2,775.89,0.00,0.00,41.30,21.0,-2.30,349,15,22.1,21.7,70.9,1320,0,inches_0_01,0,30.6,31.0,30.6,32.7,28.6,157.50,157.50
2025-03-01 22:15:00,1740856500,3.9,3.9,3.8,60.0,22.0,4.0,SSE,1.60,3.11,SSE,30.8,775.87,0.00,0.00,41.20,21.0,-2.50,350,15,22.1,21.9,70.7,1335,0,inches_0_01,0,30.5,30.7,30.5,31.0,28.2,157.50,157.50
2025-03-01 22:30:00,1740857400,3.7,3.8,3.7,61.0,22.2,2.0,SSE,0.80,2.67,SSE,33.3,775.87,0.00,0.00,41.10,21.0,-2.60,351,15,22.3,22.2,70.6,1350,0,inches_0_01,0,30.5,30.6,30.5,33.6,28.8,157.50,157.50
2025-03-01 22:45:00,1740858300,3.6,3.7,3.6,62.0,22.4,1.0,SSE,0.40,2.22,SSE,34.0,775.82,0.00,0.00,41.20,21.0,-2.60,350,15,22.5,22.4,70.6,1365,0,inches_0_01,0,30.4,30.5,30.4,34.2,29.4,157.50,157.50
2025-03-01 23:00:00,1740859200,3.5,3.6,3.5,63.0,22.6,2.0,SSE,0.80,2.22,SSE,33.0,775.72,0.00,0.00,41.10,21.0,-2.70,351,15,22.8,22.6,70.5,1380,0,inches_0_01,0,30.4,30.5,30.4,33.2,29.3,157.50,157.50
2025-03-01 23:15:00,1740860100,3.4,3.5,3.4,64.0,22.8,3.0,SSE,1.20,5.33,SSE,31.2,775.67,0.00,0.00,41.10,21.0,-2.70,351,15,23.1,22.8,70.4,1395,0,inches_0_01,0,30.3,30.5,30.3,31.5,24.9,157.50,157.50
2025-03-01 23:30:00,1740861000,3.3,3.4,3.3,65.0,23.1,3.0,SSE,1.20,4.00,SSE,31.1,775.67,0.00,0.00,41.10,21.0,-2.70,348,15,23.3,23.1,70.4,1410,0,inches_0_01,0,30.3,30.4,30.3,31.3,26.2,157.50,157.50
2025-03-01 23:45:00,1740861900,3.3,3.4,3.3,65.0,23.1,2.0,SSE,0.80,3.11,SE,32.7,775.56,0.00,0.00,40.90,21.0,-2.90,352,15,23.2,23.1,70.2,1425,0,inches_0_01,0,30.3,30.3,30.3,32.8,27.4,157.50,135.00
2025-03-02 00:00:00,1740862800,3.2,3.2,3.1,67.0,23.7,2.0,SSE,0.80,3.56,SSE,32.6,775.59,0.00,0.00,40.90,21.0,-2.90,351,15,23.8,23.6,70.2,1440,0,inches_0_01,0,30.3,30.4,30.3,32.7,26.5,157.50,157.50
2025-03-02 00:15:00,1740863700,3.0,3.1,3.0,68.0,23.8,2.0,SSE,0.80,2.22,SSE,32.2,775.46,0.00,0.00,41.00,21.0,-2.90,349,15,24.1,23.8,70.2,15,0,inches_0_01,0,30.2,30.4,30.2,32.6,28.4,157.50,157.50
2025-03-02 00:30:00,1740864600,2.9,2.9,2.9,70.0,24.4,1.0,SSE,0.40,1.33,N,33.1,775.46,0.00,0.00,40.80,21.0,-3.10,350,15,24.5,24.3,69.9,30,0,inches_0_01,0,30.2,30.3,30.1,33.2,30.4,157.50,360.00
2025-03-02 00:45:00,1740865500,2.7,2.7,2.7,72.0,25.0,1.0,SSE,0.40,1.33,SSE,33.0,775.39,0.00,0.00,40.70,21.0,-3.10,350,15,25.1,25.0,69.9,45,0,inches_0_01,0,30.3,30.4,30.3,33.1,30.4,157.50,157.50
2025-03-02 01:00:00,1740866400,2.6,2.6,2.6,73.0,25.2,1.0,SSE,0.40,2.22,SSE,32.9,775.28,0.00,0.00,40.60,21.0,-3.10,350,15,25.3,25.2,69.8,60,0,inches_0_01,0,30.3,30.4,30.3,33.0,28.1,157.50,157.50
2025-03-02 01:15:00,1740867300,2.6,2.6,2.6,73.0,25.1,3.0,SSE,1.20,4.44,SE,30.2,775.33,0.00,0.00,40.60,21.0,-3.20,350,15,25.2,25.1,69.7,75,0,inches_0_01,0,30.2,30.3,30.2,30.3,24.7,157.50,135.00
2025-03-02 01:30:00,1740868200,2.5,2.5,2.5,74.0,25.4,3.0,SSE,1.20,6.22,SSE,30.2,775.21,0.00,0.00,40.40,22.0,-2.20,350,15,25.4,25.3,69.7,90,0,inches_0_01,0,30.3,30.3,30.2,30.2,22.8,157.50,157.50
2025-03-02 01:45:00,1740869100,2.5,2.5,2.5,74.0,25.3,1.0,SSE,0.40,2.22,SSE,32.7,775.28,0.00,0.00,40.40,22.0,-2.30,350,15,25.4,25.2,69.5,105,0,inches_0_01,0,30.2,30.3,30.1,32.8,27.7,157.50,157.50
2025-03-02 02:00:00,1740870000,2.4,2.4,2.4,75.0,25.7,2.0,SSE,0.80,2.67,SSE,31.7,775.13,0.00,0.00,40.30,22.0,-2.30,350,15,25.8,25.6,69.5,120,0,inches_0_01,0,30.3,30.4,30.2,31.8,26.9,157.50,157.50
2025-03-02 02:15:00,1740870900,2.3,2.3,2.3,76.0,25.8,3.0,SSE,1.20,4.00,SSE,29.8,775.00,0.00,0.00,40.30,22.0,-2.30,351,15,26.0,25.7,69.4,135,0,inches_0_01,0,30.2,30.4,30.1,30.1,24.7,157.50,157.50
2025-03-02 02:30:00,1740871800,2.3,2.3,2.3,76.0,25.7,2.0,SE,0.80,2.67,ESE,31.4,774.98,0.00,0.00,40.40,22.0,-2.30,351,15,25.8,25.6,69.4,150,0,inches_0_01,0,30.1,30.2,30.0,31.5,26.5,135.00,112.50
2025-03-02 02:45:00,1740872700,2.2,2.2,2.2,77.0,25.9,2.0,SSE,0.80,2.67,ESE,31.2,774.88,0.00,0.00,40.50,22.0,-2.30,351,15,26.0,25.9,69.5,165,0,inches_0_01,0,30.1,30.2,30.1,31.4,26.5,157.50,112.50
2025-03-02 03:00:00,1740873600,2.2,2.2,2.2,77.0,26.0,2.0,SSE,0.80,2.22,SSE,31.4,774.78,0.00,0.00,40.30,22.0,-2.30,350,15,26.0,25.9,69.4,180,0,inches_0_01,0,30.2,30.2,30.1,31.4,27.4,157.50,157.50
2025-03-02 03:15:00,1740874500,2.0,2.0,2.0,79.0,26.3,4.0,SSE,1.60,4.00,SE,28.1,774.85,0.00,0.00,40.40,22.0,-2.30,350,15,26.6,26.3,69.4,195,0,inches_0_01,0,30.1,30.4,30.1,28.5,24.3,157.50,135.00
2025-03-02 03:30:00,1740875400,1.9,1.9,1.9,80.0,26.3,3.0,SSE,1.20,3.11,SSE,29.0,774.70,0.00,0.00,40.50,22.0,-2.40,350,15,26.6,26.3,69.3,210,0,inches_0_01,0,29.9,30.2,29.9,29.4,25.2,157.50,157.50
2025-03-02 03:45:00,1740876300,1.9,1.9,1.9,80.0,26.2,3.0,SSE,1.20,3.11,S,28.9,774.60,0.00,0.00,40.50,22.0,-2.50,350,15,26.4,26.1,69.2,225,0,inches_0_01,0,29.8,30.0,29.7,29.2,25.0,157.50,180.00
2025-03-02 04:00:00,1740877200,1.8,1.8,1.8,81.0,26.3,2.0,SSE,0.80,2.22,SSE,30.4,774.42,0.00,0.00,40.50,22.0,-2.60,351,15,26.5,26.3,69.1,240,0,inches_0_01,0,29.7,29.9,29.7,30.6,26.4,157.50,157.50
2025-03-02 04:15:00,1740878100,1.8,1.8,1.8,81.0,26.3,2.0,SSE,0.80,1.78,SSE,30.4,774.40,0.00,0.00,40.30,22.0,-2.80,351,15,26.4,26.2,68.9,255,0,inches_0_01,0,29.7,29.8,29.6,30.5,27.3,157.50,157.50
2025-03-02 04:30:00,1740879000,1.7,1.7,1.7,82.0,26.5,2.0,SSE,0.80,2.67,SSE,30.3,774.27,0.00,0.00,40.30,23.0,-1.70,351,15,26.6,26.5,68.9,270,0,inches_0_01,0,29.7,29.8,29.7,30.4,25.5,157.50,157.50
2025-03-02 04:45:00,1740879900,1.6,1.6,1.6,83.0,26.7,2.0,SSE,0.80,1.78,SSE,30.2,774.12,0.00,0.00,40.20,23.0,-1.70,350,15,26.8,26.7,,285,0,inches_0_01,0,29.7,29.8,29.7,30.3,27.2,157.50,157.50
2025-03-02 05:00:00,1740880800,1.5,1.5,1.5,84.0,26.9,1.0,SSE,0.40,1.78,SSE,31.2,774.14,0.00,0.00,40.10,23.0,-1.80,350,15,27.0,26.9,,300,0,inches_0_01,0,29.7,29.8,29.7,31.3,27.1,157.50,157.50
2025-03-02 05:15:00,1740881700,1.5,1.5,1.5,84.0,27.0,1.0,SSE,0.40,1.33,SSE,31.3,774.14,0.00,0.00,39.90,23.0,-1.90,349,15,27.0,26.9,,315,0,inches_0_01,0,29.8,29.8,29.7,31.3,28.4,157.50,157.50
2025-03-02 05:30:00,1740882600,1.5,1.5,1.5,84.0,26.9,1.0,SSE,0.40,1.78,S,31.2,774.01,0.00,0.00,40.00,23.0,-1.90,351,15,27.0,26.9,,330,0,inches_0_01,0,29.7,29.8,29.7,31.3,27.1,157.50,180.00
2025-03-02 05:45:00,1740883500,1.4,1.4,1.4,85.0,27.0,1.0,SSE,0.40,1.33,S,31.0,773.91,0.00,0.00,40.10,23.0,-1.90,352,15,27.2,27.0,,345,0,inches_0_01,0,29.6,29.8,29.6,31.2,28.1,157.50,180.00
2025-03-02 06:00:00,1740884400,1.3,1.3,1.3,86.0,27.3,1.0,SSE,0.40,1.33,SSE,31.0,773.89,0.00,0.00,40.00,23.0,-1.90,351,15,27.4,27.2,,360,0,inches_0_01,0,29.7,29.8,29.6,31.1,28.0,157.50,157.50
2025-03-02 06:15:00,1740885300,1.3,1.3,1.3,86.0,27.3,1.0,SSE,0.40,1.78,SSE,31.0,773.86,0.00,0.00,39.90,23.0,-2.00,350,15,27.3,27.2,,375,0,inches_0_01,0,29.7,29.7,29.6,31.0,26.8,157.50,157.50
2025-03-02 06:30:00,1740886200,1.3,1.3,1.3,86.0,27.3,1.0,SSE,0.40,0.89,SSE,31.0,773.79,0.00,0.00,40.00,23.0,-1.90,350,15,27.4,27.3,,390,0,inches_0_01,0,29.7,29.8,29.7,31.1,29.8,157.50,157.50
2025-03-02 06:45:00,1740887100,1.3,1.3,1.3,86.0,27.2,1.0,SSE,0.40,1.78,S,30.9,773.73,0.00,0.00,40.00,23.0,-2.00,351,15,27.4,27.2,,405,0,inches_0_01,0,29.6,29.8,29.6,31.1,26.8,157.50,180.00
2025-03-02 07:00:00,1740888000,1.2,1.2,1.2,87.0,27.4,1.0,SSE,0.40,1.33,SE,30.8,773.66,0.00,0.00,40.00,23.0,-2.00,351,15,27.6,27.4,,420,0,inches_0_01,0,29.6,29.8,29.6,31.0,27.9,157.50,135.00
2025-03-02 07:15:00,1740888900,1.2,1.2,1.2,87.0,27.2,2.0,SSE,0.80,1.78,SSE,29.4,773.61,0.00,0.00,40.10,23.0,-2.10,351,15,27.4,27.2,,435,0,inches_0_01,0,29.4,29.6,29.4,29.6,26.4,157.50,157.50
2025-03-02 07:30:00,1740889800,1.2,1.2,1.2,87.0,27.3,1.0,SSE,0.40,1.33,SSE,30.7,773.53,0.00,0.00,40.00,23.0,-2.10,351,15,27.3,27.2,,450,0,inches_0_01,0,29.5,29.5,29.4,30.7,27.7,157.50,157.50
2025-03-02 07:45:00,1740890700,1.2,1.2,1.2,87.0,27.4,1.0,SSE,0.40,1.33,SSE,30.8,773.51,0.00,0.00,39.90,24.0,-1.00,351,15,27.4,27.2,,465,0,inches_0_01,0,29.6,29.6,29.4,30.8,27.7,157.50,157.50
2025-03-02 08:00:00,1740891600,1.2,1.2,1.2,87.0,27.5,1.0,SSE,0.40,2.22,SSE,30.9,773.40,0.00,0.00,39.70,24.0,-1.10,352,15,27.5,27.4,,480,0,inches_0_01,0,29.7,29.7,29.6,30.9,25.6,157.50,157.50
2025-03-02 08:15:00,1740892500,1.3,1.3,1.3,86.0,27.2,2.0,SSE,0.80,2.22,SSE,29.7,773.43,0.00,0.00,39.70,24.0,-1.20,349,15,27.2,27.1,,495,0,inches_0_01,0,29.6,29.6,29.5,29.7,25.6,157.50,157.50
2025-03-02 08:30:00,1740893400,1.2,1.2,1.2,87.0,27.5,2.0,SSE,0.80,2.22,SSE,29.7,773.46,0.00,0.00,39.50,24.0,-1.30,350,15,27.6,27.5,,510,0,inches_0_01,0,29.7,29.8,29.7,29.8,25.7,157.50,157.50
2025-03-02 08:45:00,1740894300,1.2,1.2,1.2,87.0,27.6,2.0,SSE,0.80,1.78,SSE,29.8,773.40,0.00,0.00,39.40,24.0,-1.30,351,15,27.6,27.5,,525,0,inches_0_01,0,29.8,29.8,29.7,29.8,26.8,157.50,157.50
2025-03-02 09:00:00,1740895200,1.2,1.2,1.2,87.0,27.6,2.0,SSE,0.80,2.22,SSE,29.8,773.25,0.00,0.00,39.30,24.0,-1.40,351,15,27.6,27.5,,540,0,inches_0_01,0,29.8,29.8,29.7,29.8,25.7,157.50,157.50
2025-03-02 09:15:00,1740896100,1.1,1.1,1.1,88.0,28.0,1.0,SSE,0.40,1.33,SSE,31.1,773.20,0.00,0.00,39.10,24.0,-1.40,350,15,28.1,27.9,,555,0,inches_0_01,0,30.0,30.1,29.9,31.2,28.1,157.50,157.50
2025-03-02 09:30:00,1740897000,1.1,1.1,1.1,88.0,28.1,1.0,SSE,0.40,1.33,SSE,31.2,773.13,0.00,0.00,39.00,24.0,-1.40,350,15,28.1,28.0,,570,0,inches_0_01,0,30.1,30.1,30.0,31.2,28.2,157.50,157.50
2025-03-02 09:45:00,1740897900,1.2,1.2,1.2,87.0,27.8,1.0,SSE,0.40,1.33,SSE,31.2,772.97,0.00,0.00,39.10,24.0,-1.40,350,15,27.8,27.8,,585,0,inches_0_01,0,30.0,30.0,30.0,31.2,28.4,157.50,157.50
2025-03-02 10:00:00,1740898800,1.2,1.2,1.2,87.0,27.8,2.0,SSE,0.80,1.78,SSE,30.0,773.00,0.00,0.00,39.00,24.0,-1.40,350,15,28.0,27.8,,600,0,inches_0_01,0,30.0,30.2,30.0,30.3,27.1,157.50,157.50
2025-03-02 10:15:00,1740899700,1.2,1.2,1.2,87.0,28.1,2.0,SSE,0.80,1.78,SSE,30.4,772.97,0.00,0.00,38.60,24.0,-1.50,348,15,28.1,27.9,,615,0,inches_0_01,0,30.3,30.3,30.1,30.4,27.2,157.50,157.50
2025-03-02 10:30:00,1740900600,1.2,1.3,1.2,87.0,28.1,2.0,SSE,0.80,1.78,SSE,30.4,772.87,0.00,0.00,38.40,24.0,-1.70,351,15,28.2,28.1,,630,0,inches_0_01,0,30.3,30.3,30.3,30.5,27.4,157.50,157.50
2025-03-02 10:45:00,1740901500,1.3,1.3,1.2,87.0,28.2,2.0,SSE,0.80,2.22,SSE,30.5,772.92,0.00,0.00,38.30,24.0,-1.80,349,15,28.2,28.1,,645,0,inches_0_01,0,30.3,30.3,30.3,30.5,26.4,157.50,157.50
2025-03-02 11:00:00,1740902400,1.3,1.3,1.3,87.0,28.4,2.0,SSE,0.80,1.78,S,30.7,772.79,0.00,0.00,38.00,24.0,-1.90,348,15,28.5,28.2,,660,0,inches_0_01,0,30.5,30.6,30.3,30.8,27.6,157.50,180.00
2025-03-02 11:15:00,1740903300,1.4,1.4,1.4,86.0,28.5,2.0,SSE,0.80,1.78,SSE,31.1,772.79,0.00,0.00,37.70,24.0,-1.90,352,15,28.5,28.1,,675,0,inches_0_01,0,30.8,30.8,30.4,31.1,27.8,157.50,157.50
2025-03-02 11:30:00,1740904200,1.4,1.4,1.4,86.0,28.8,1.0,SSE,0.40,2.22,SSE,32.5,772.74,0.01,0.00,37.30,24.0,-1.90,348,15,28.8,28.5,,690,1,inches_0_01,0,31.1,31.1,30.8,32.5,27.3,157.50,157.50
2025-03-02 11:45:00,1740905100,1.5,1.5,1.5,85.0,28.6,1.0,N,0.40,0.89,NNE,32.6,772.67,0.00,0.00,37.30,25.0,-0.90,349,15,28.6,28.5,,705,0,inches_0_01,0,31.1,31.1,31.0,32.6,31.5,360.00,22.50
2025-03-02 12:00:00,1740906000,1.6,1.6,1.6,84.0,28.5,1.0,SE,0.40,1.33,SE,32.8,772.57,0.01,0.00,37.20,25.0,-0.90,350,15,28.5,28.3,,720,1,inches_0_01,0,31.2,31.2,31.0,32.8,29.9,135.00,135.00
2025-03-02 12:15:00,1740906900,1.6,1.6,1.6,84.0,28.5,0.0,NE,,0.89,SE,31.8,772.41,0.00,0.00,37.20,25.0,-0.90,349,15,28.5,28.4,,735,0,inches_0_01,0,31.2,31.2,31.1,31.8,31.7,45.00,135.00
2025-03-02 12:30:00,1740907800,1.6,1.6,1.6,84.0,28.6,0.0,NNW,,0.89,N,31.9,772.36,0.01,0.00,37.00,25.0,-1.00,348,15,28.7,28.4,,750,1,inches_0_01,0,31.3,31.4,31.1,32.0,31.7,337.50,360.00
2025-03-02 12:45:00,1740908700,1.6,1.6,1.6,84.0,28.5,1.0,NNW,0.40,1.33,NNW,32.8,772.29,0.00,0.00,37.20,25.0,-0.90,348,15,28.7,28.4,,765,0,inches_0_01,0,31.2,31.4,31.1,33.0,30.1,337.50,337.50
2025-03-02 13:00:00,1740909600,1.7,1.7,1.7,83.0,28.3,1.0,N,0.40,1.33,NNW,32.9,772.16,0.00,0.00,37.20,25.0,-0.90,349,15,28.4,28.1,,780,0,inches_0_01,0,31.2,31.3,31.0,33.0,30.1,360.00,337.50
2025-03-02 13:15:00,1740910500,1.7,1.7,1.7,83.0,28.6,0.0,ENE,,0.89,ENE,32.2,772.01,0.00,0.00,36.80,25.0,-1.00,350,15,28.6,28.3,,795,0,inches_0_01,0,31.5,31.5,31.2,32.2,31.9,67.50,67.50
2025-03-02 13:30:00,1740911400,1.8,1.8,1.8,82.0,28.7,1.0,SSE,0.40,1.33,SE,33.6,771.91,0.01,0.00,36.50,25.0,-1.00,347,15,28.7,28.3,,810,1,inches_0_01,0,31.8,31.8,31.4,33.6,30.6,157.50,135.00
2025-03-02 13:45:00,1740912300,1.9,1.9,1.9,81.0,28.6,1.0,SE,0.40,0.89,SE,33.8,771.80,0.00,0.00,36.40,25.0,-1.00,350,15,28.7,28.4,,825,0,inches_0_01,0,31.9,32.0,31.7,33.9,32.7,135.00,135.00
2025-03-02 14:00:00,1740913200,2.1,2.1,2.1,79.0,28.1,1.0,N,0.40,1.33,N,33.9,771.65,0.01,0.00,36.60,25.0,-0.90,349,15,28.1,28.0,,840,1,inches_0_01,0,31.8,31.8,31.7,33.9,31.3,360.00,360.00
2025-03-02 14:15:00,1740914100,2.1,2.1,2.1,79.0,27.9,1.0,NNW,0.40,1.78,NW,33.7,771.52,0.00,0.00,36.80,25.0,-0.90,351,15,28.1,27.8,,855,0,inches_0_01,0,31.6,31.8,31.5,33.9,29.9,337.50,315.00
2025-03-02 14:30:00,1740915000,2.1,2.1,2.1,79.0,27.9,0.0,E,,1.33,E,31.2,771.55,0.00,0.00,36.80,25.0,-0.90,351,15,27.9,27.8,,870,0,inches_0_01,0,31.6,31.6,31.5,31.2,31.1,90.00,90.00
2025-03-02 14:45:00,1740915900,2.1,2.1,2.1,79.0,27.9,0.0,NNE,,0.89,NNE,32.8,771.45,0.00,0.00,36.80,25.0,-0.90,349,15,28.0,27.9,,885,0,inches_0_01,0,31.6,31.7,31.6,32.9,32.8,22.50,22.50
2025-03-02 15:00:00,1740916800,2.2,2.2,2.2,78.0,27.7,1.0,NNW,0.40,1.33,SSE,33.8,771.47,0.00,0.00,36.90,25.0,-0.90,351,15,27.8,27.6,,900,0,inches_0_01,0,31.6,31.7,31.5,33.9,31.2,337.50,157.50
2025-03-02 15:15:00,1740917700,2.2,2.2,2.2,78.0,27.7,1.0,NNE,0.40,1.33,NNW,33.8,771.45,0.00,0.00,36.90,25.0,-0.90,350,15,27.8,27.7,,915,0,inches_0_01,0,31.6,31.7,31.6,33.9,31.3,22.50,337.50
2025-03-02 15:30:00,1740918600,2.3,2.3,2.3,77.0,27.5,1.0,NNW,0.40,2.22,NW,33.9,771.42,0.00,0.00,36.80,25.0,-0.90,351,15,27.5,27.4,,930,0,inches_0_01,0,31.6,31.6,31.5,33.9,29.1,337.50,315.00
2025-03-02 15:45:00,1740919500,2.3,2.3,2.3,77.0,27.6,0.0,SSE,,1.33,SSE,31.5,771.32,0.00,0.00,36.70,25.0,-0.90,352,15,27.6,27.5,,945,0,inches_0_01,0,31.7,31.7,31.6,31.5,31.4,157.50,157.50
2025-03-02 16:00:00,1740920400,2.4,2.4,2.4,76.0,27.3,0.0,N,,0.89,N,33.2,771.30,0.00,0.00,36.70,25.0,-0.90,348,15,27.3,27.1,,960,0,inches_0_01,0,31.7,31.7,31.5,33.2,33.0,360.00,360.00
2025-03-02 16:15:00,1740921300,2.4,2.4,2.4,76.0,27.2,1.0,NNW,0.40,0.89,E,34.0,771.25,0.00,0.00,36.80,25.0,-0.90,348,15,27.3,27.2,,975,0,inches_0_01,0,31.6,31.7,31.6,34.1,33.1,337.50,90.00
2025-03-02 16:30:00,1740922200,2.4,2.4,2.4,76.0,27.2,1.0,NNW,0.40,0.89,NNW,34.0,771.12,0.00,0.00,36.80,25.0,-0.90,348,15,27.3,27.1,,990,0,inches_0_01,0,31.6,31.7,31.5,34.1,33.0,337.50,337.50
2025-03-02 16:45:00,1740923100,2.3,2.3,2.3,77.0,27.5,1.0,N,0.40,0.89,N,33.9,771.07,0.00,0.00,36.80,25.0,-0.90,352,15,27.6,27.5,,1005,0,inches_0_01,0,31.6,31.7,31.6,34.0,33.0,360.00,360.00
2025-03-02 17:00:00,1740924000,2.3,2.3,2.3,77.0,27.4,0.0,E,,1.33,E,31.3,770.99,0.00,0.00,36.80,25.0,-1.00,351,15,27.5,27.4,,1020,0,inches_0_01,0,31.5,31.6,31.5,31.4,31.3,90.00,90.00
2025-03-02 17:15:00,1740924900,2.3,2.3,2.3,77.0,27.3,0.0,NNW,,0.89,E,32.8,770.76,0.00,0.00,37.00,25.0,-0.90,350,15,27.5,27.3,,1035,0,inches_0_01,0,31.4,31.6,31.4,33.0,32.8,337.50,90.00
2025-03-02 17:30:00,1740925800,2.2,2.2,2.2,78.0,27.5,0.0,NNW,,0.89,NNW,32.7,770.69,0.00,0.00,37.00,25.0,-0.90,348,15,27.6,27.4,,1050,0,inches_0_01,0,31.4,31.5,31.3,32.8,32.6,337.50,337.50
2025-03-02 17:45:00,1740926700,2.2,2.2,2.2,78.0,27.3,0.0,NNE,,0.44,NNE,33.4,770.66,0.00,0.00,37.10,25.0,-1.00,350,15,27.5,27.3,,1065,0,inches_0_01,0,31.2,31.4,31.2,33.6,33.4,22.50,22.50
2025-03-02 18:00:00,1740927600,2.1,2.1,2.1,79.0,27.6,0.0,N,,0.89,NNE,32.5,770.61,0.00,0.00,37.00,25.0,-1.00,350,15,27.7,27.5,,1080,0,inches_0_01,0,31.3,31.4,31.2,32.6,32.3,360.00,22.50
2025-03-02 18:15:00,1740928500,2.2,2.2,2.2,78.0,27.2,1.0,NNW,0.40,0.89,NNW,33.3,770.61,0.00,0.00,37.20,25.0,-1.00,350,15,27.3,27.2,,1095,0,inches_0_01,0,31.1,31.2,31.1,33.4,32.3,337.50,337.50
2025-03-02 18:30:00,1740929400,2.1,2.1,2.1,79.0,27.4,0.0,NNW,,0.89,NNW,32.2,770.53,0.00,0.00,37.20,25.0,-1.00,350,15,27.5,27.4,,1110,0,inches_0_01,0,31.1,31.2,31.1,32.3,32.2,337.50,337.50
2025-03-02 18:45:00,1740930300,2.0,2.0,2.0,80.0,27.7,0.0,WNW,,0.44,NNW,33.2,770.36,0.00,0.00,36.90,25.0,-1.20,350,15,27.8,27.7,,1125,0,inches_0_01,0,31.2,31.3,31.2,33.3,33.2,292.50,337.50
2025-03-02 19:00:00,1740931200,2.0,2.0,2.0,80.0,27.6,0.0,SSW,,0.89,SW,32.1,770.31,0.00,0.00,37.00,25.0,-1.20,351,15,27.7,27.6,,1140,0,inches_0_01,0,31.1,31.2,31.1,32.2,32.1,202.50,225.00
2025-03-02 19:15:00,1740932100,2.0,2.0,2.0,80.0,27.5,0.0,SSE,,1.33,SSE,30.4,770.36,0.00,0.00,37.10,25.0,-1.20,351,15,27.7,27.5,,1155,0,inches_0_01,0,31.0,31.2,31.0,30.6,30.4,157.50,157.50
2025-03-02 19:30:00,1740933000,2.0,2.0,2.0,80.0,27.5,0.0,ESE,,0.89,ESE,32.0,770.28,0.00,0.00,36.90,26.0,-0.40,351,15,27.6,27.5,,1170,0,inches_0_01,0,31.0,31.1,31.0,32.1,32.0,112.50,112.50
2025-03-02 19:45:00,1740933900,2.0,2.0,2.0,80.0,27.6,0.0,SE,,0.89,ENE,32.1,770.15,0.00,0.00,36.80,26.0,-0.40,351,15,27.6,27.5,,1185,0,inches_0_01,0,31.1,31.1,31.0,32.1,32.0,135.00,67.50
2025-03-02 20:00:00,1740934800,2.0,2.0,2.0,80.0,27.6,0.0,SE,,2.22,SSE,28.3,770.05,0.00,0.00,36.70,26.0,-0.50,351,15,27.7,27.5,,1200,0,inches_0_01,0,31.1,31.2,31.0,28.4,28.2,135.00,157.50
2025-03-02 20:15:00,1740935700,2.0,2.0,2.0,80.0,27.6,1.0,SSE,0.40,2.22,SSE,33.1,770.00,0.00,0.00,36.60,26.0,-0.60,348,15,27.7,27.6,,1215,0,inches_0_01,0,31.1,31.2,31.1,33.2,28.3,157.50,157.50
2025-03-02 20:30:00,1740936600,2.0,2.0,2.0,80.0,27.6,1.0,SSE,0.40,1.78,SSE,33.1,769.87,0.00,0.00,36.60,26.0,-0.60,350,15,27.7,27.6,,1230,0,inches_0_01,0,31.1,31.2,31.1,33.2,29.3,157.50,157.50
2025-03-02 20:45:00,1740937500,1.9,1.9,1.9,81.0,27.9,2.0,SSE,0.80,2.22,SSE,32.1,769.82,0.00,0.00,36.40,26.0,-0.60,350,15,28.0,27.8,,1245,0,inches_0_01,0,31.2,31.3,31.1,32.2,28.2,157.50,157.50
2025-03-02 21:00:00,1740938400,1.9,1.9,1.9,81.0,27.9,1.0,SSE,0.40,1.33,SSE,33.1,769.77,0.00,0.00,36.40,26.0,-0.60,350,15,28.0,27.9,,1260,0,inches_0_01,0,31.2,31.3,31.2,33.2,30.5,157.50,157.50
2025-03-02 21:15:00,1740939300,1.9,1.9,1.9,81.0,27.8,1.0,NNE,0.40,1.78,NNW,33.0,769.65,0.00,0.00,36.50,26.0,-0.60,351,15,27.9,27.8,,1275,0,inches_0_01,0,31.1,31.2,31.1,33.1,29.2,22.50,337.50
2025-03-02 21:30:00,1740940200,1.8,1.8,1.8,82.0,27.9,1.0,NNW,0.40,1.33,NNW,32.8,769.62,0.00,0.00,36.60,26.0,-0.60,349,15,28.1,27.9,,1290,0,inches_0_01,0,31.0,31.2,31.0,33.0,30.2,337.50,337.50
2025-03-02 21:45:00,1740941100,1.8,1.8,1.8,82.0,27.9,1.0,SE,0.40,1.33,SE,32.8,769.59,0.00,0.00,36.50,26.0,-0.70,348,15,27.9,27.8,,1305,0,inches_0_01,0,31.0,31.0,30.9,32.8,30.1,135.00,135.00
2025-03-02 22:00:00,1740942000,1.7,1.7,1.7,83.0,28.1,1.0,SSE,0.40,1.78,SSE,32.7,769.54,0.00,0.00,36.50,26.0,-0.70,349,15,28.2,28.0,,1320,0,inches_0_01,0,31.0,31.1,30.9,32.8,28.7,157.50,157.50
2025-03-02 22:15:00,1740942900,1.6,1.6,1.6,84.0,28.1,1.0,SSE,0.40,1.33,SE,32.4,769.39,0.00,0.00,36.60,26.0,-0.80,351,15,28.3,28.1,,1335,0,inches_0_01,0,30.8,31.0,30.8,32.6,29.7,157.50,135.00
2025-03-02 22:30:00,1740943800,1.6,1.6,1.6,84.0,28.0,1.0,SSE,0.40,1.78,SSE,32.3,769.37,0.00,0.00,36.70,26.0,-0.80,350,15,28.2,28.0,,1350,0,inches_0_01,0,30.7,30.9,30.7,32.5,28.4,157.50,157.50
2025-03-02 22:45:00,1740944700,1.5,1.6,1.5,84.0,27.8,1.0,SSE,0.40,1.78,SSE,32.1,769.29,0.00,0.00,36.80,26.0,-0.80,350,15,28.0,27.8,,1365,0,inches_0_01,0,30.6,30.7,30.6,32.3,28.1,157.50,157.50
2025-03-02 23:00:00,1740945600,1.5,1.6,1.5,84.0,27.7,0.0,SSE,,0.89,SSE,30.9,769.11,0.00,0.00,36.80,26.0,-0.90,349,15,27.9,27.7,,1380,0,inches_0_01,0,30.5,30.6,30.5,31.1,30.9,157.50,157.50
2025-03-02 23:15:00,1740946500,1.5,1.5,1.5,85.0,28.0,0.0,SE,,0.89,SE,30.9,768.96,0.00,0.00,36.70,26.0,-1.00,347,15,28.1,28.0,,1395,0,inches_0_01,0,30.5,30.6,30.5,31.0,30.9,135.00,135.00
2025-03-02 23:30:00,1740947400,1.4,1.4,1.4,86.0,28.2,1.0,SSE,0.40,0.89,SE,31.9,768.88,0.00,0.00,36.70,26.0,-1.00,351,15,28.4,28.2,,1410,0,inches_0_01,0,30.5,30.7,30.5,32.1,30.8,157.50,135.00
2025-03-02 23:45:00,1740948300,1.4,1.4,1.4,86.0,28.0,1.0,SSE,0.40,2.22,SSE,31.7,768.78,0.00,0.00,36.80,26.0,-1.10,349,15,28.2,28.0,,1425,0,inches_0_01,0,30.3,30.5,30.3,31.9,26.7,157.50,157.50
2025-03-03 00:00:00,1740949200,1.4,1.4,1.4,86.0,28.1,1.0,SSE,0.40,2.22,SSE,31.8,768.71,0.00,0.00,36.70,26.0,-1.10,351,15,28.1,28.0,,1440,0,inches_0_01,0,30.4,30.4,30.3,31.8,26.7,157.50,157.50
2025-03-03 00:15:00,1740950100,1.4,1.4,1.4,86.0,28.2,1.0,SSE,0.40,2.22,SSE,31.9,768.53,0.00,0.00,36.50,26.0,-1.20,348,15,28.3,28.1,,15,0,inches_0_01,0,30.5,30.6,30.4,32.0,26.8,157.50,157.50
2025-03-03 00:30:00,1740951000,1.4,1.4,1.4,86.0,28.3,1.0,SSE,0.40,1.78,SSE,32.0,768.50,0.00,0.00,36.30,26.0,-1.20,346,15,28.4,28.2,,30,0,inches_0_01,0,30.6,30.7,30.5,32.1,27.9,157.50,157.50
2025-03-03 00:45:00,1740951900,1.4,1.4,1.4,86.0,28.4,1.0,SSE,0.40,1.78,SSE,32.1,768.43,0.00,0.00,36.10,26.0,-1.30,348,15,28.4,28.3,,45,0,inches_0_01,0,30.7,30.7,30.6,32.1,28.0,157.50,157.50
2025-03-03 01:00:00,1740952800,1.4,1.4,1.4,86.0,28.4,1.0,SE,0.40,1.33,E,32.1,768.30,0.00,0.00,36.00,26.0,-1.40,348,15,28.4,28.3,,60,0,inches_0_01,0,30.7,30.7,30.6,32.1,29.3,135.00,90.00
2025-03-03 01:15:00,1740953700,1.4,1.4,1.4,86.0,28.4,1.0,SSE,0.40,1.78,SSE,32.1,768.22,0.00,0.00,36.00,26.0,-1.40,350,15,28.4,28.3,,75,0,inches_0_01,0,30.7,30.7,30.6,32.1,28.0,157.50,157.50
2025-03-03 01:30:00,1740954600,1.4,1.4,1.4,86.0,28.3,1.0,SSE,0.40,2.22,SSE,32.0,768.22,0.00,0.00,36.10,26.0,-1.40,350,15,28.4,28.3,,90,0,inches_0_01,0,30.6,30.7,30.6,32.1,27.0,157.50,157.50
2025-03-03 01:45:00,1740955500,1.4,1.4,1.4,86.0,28.3,1.0,SSE,0.40,2.22,SE,32.0,768.10,0.00,0.00,36.00,26.0,-1.50,347,15,28.4,28.3,,105,0,inches_0_01,0,30.6,30.7,30.6,32.1,27.0,157.50,135.00
2025-03-03 02:00:00,1740956400,1.5,1.5,1.5,85.0,28.0,1.0,SSE,0.40,2.22,SSE,32.0,767.94,0.00,0.00,36.10,26.0,-1.50,351,15,28.0,27.9,,120,0,inches_0_01,0,30.5,30.5,30.4,32.0,26.9,157.50,157.50
2025-03-03 02:15:00,1740957300,1.5,1.5,1.5,85.0,28.0,1.0,SSE,0.40,2.22,SSE,32.0,767.89,0.00,0.00,36.10,26.0,-1.50,349,15,28.0,27.9,,135,0,inches_0_01,0,30.5,30.5,30.4,32.0,26.9,157.50,157.50
2025-03-03 02:30:00,1740958200,1.5,1.5,1.5,84.0,27.6,1.0,SSE,0.40,1.33,SE,31.9,767.82,0.00,0.00,36.20,27.0,-0.60,351,15,27.7,27.5,,150,0,inches_0_01,0,30.4,30.5,30.3,32.0,29.0,157.50,135.00
2025-03-03 02:45:00,1740959100,1.5,1.5,1.5,84.0,27.5,1.0,SSE,0.40,2.22,SSE,31.8,767.66,0.00,0.00,36.20,26.0,-1.60,351,15,27.6,27.4,,165,0,inches_0_01,0,30.3,30.4,30.2,31.9,26.7,157.50,157.50
2025-03-03 03:00:00,1740960000,1.5,1.5,1.5,84.0,27.4,1.0,SSE,0.40,2.22,SSE,31.7,767.56,0.00,0.00,36.30,26.0,-1.60,350,15,27.4,27.3,,180,0,inches_0_01,0,30.2,30.2,30.1,31.7,26.6,157.50,157.50
2025-03-03 03:15:00,1740960900,1.5,1.5,1.5,84.0,27.5,1.0,SSE,0.40,0.89,SSE,31.8,767.38,0.00,0.00,36.10,26.0,-1.70,351,15,27.5,27.4,,195,0,inches_0_01,0,30.3,30.3,30.2,31.8,30.6,157.50,157.50
2025-03-03 03:30:00,1740961800,1.5,1.5,1.5,84.0,27.6,2.0,SSE,0.80,2.22,SSE,30.8,767.31,0.00,0.00,35.90,26.0,-1.70,349,15,27.6,27.4,,210,0,inches_0_01,0,30.4,30.4,30.2,30.8,26.7,157.50,157.50
2025-03-03 03:45:00,1740962700,1.5,1.5,1.5,84.0,27.6,3.0,SSE,1.20,2.67,SSE,29.2,767.21,0.00,0.00,35.80,26.0,-1.80,349,15,27.7,27.6,,225,0,inches_0_01,0,30.4,30.5,30.4,29.3,26.1,157.50,157.50
2025-03-03 04:00:00,1740963600,1.6,1.6,1.5,84.0,27.8,2.0,SSE,0.80,2.22,SSE,31.0,767.00,0.00,0.00,35.60,26.0,-1.90,348,15,27.8,27.6,,240,0,inches_0_01,0,30.5,30.5,30.4,31.0,26.9,157.50,157.50
2025-03-03 04:15:00,1740964500,1.6,1.6,1.6,84.0,27.9,2.0,SSE,0.80,3.56,SE,31.1,766.93,0.00,0.00,35.50,26.0,-1.90,350,15,28.0,27.8,,255,0,inches_0_01,0,30.6,30.7,30.5,31.2,24.9,157.50,135.00
2025-03-03 04:30:00,1740965400,1.6,1.6,1.6,84.0,28.0,2.0,SSE,0.80,2.67,SSE,31.2,766.83,0.00,0.00,35.40,26.0,-1.90,350,15,28.0,27.9,,270,0,inches_0_01,0,30.7,30.7,30.6,31.2,26.4,157.50,157.50
2025-03-03 04:45:00,1740966300,1.5,1.5,1.5,85.0,28.2,3.0,SSE,1.20,4.00,SE,29.5,766.70,0.00,0.00,35.30,27.0,-1.10,350,15,28.3,28.1,,285,0,inches_0_01,0,30.7,30.8,30.6,29.6,24.3,157.50,135.00
2025-03-03 05:00:00,1740967200,1.5,1.5,1.5,85.0,28.3,2.0,SSE,0.80,2.67,SSE,31.2,766.55,0.00,0.00,35.30,27.0,-1.00,351,15,28.3,28.2,,300,0,inches_0_01,0,30.8,30.8,30.7,31.2,26.4,157.50,157.50
2025-03-03 05:15:00,1740968100,1.5,1.5,1.5,85.0,28.3,2.0,SSE,0.80,2.22,SSE,31.2,766.44,0.00,0.00,35.20,27.0,-1.10,352,15,28.3,28.2,,315,0,inches_0_01,0,30.8,30.8,30.7,31.2,27.3,157.50,157.50
2025-03-03 05:30:00,1740969000,1.6,1.6,1.6,84.0,28.1,2.0,SSE,0.80,2.22,SSE,31.4,766.37,0.00,0.00,35.30,27.0,-1.00,351,15,28.1,28.0,,330,0,inches_0_01,0,30.8,30.8,30.7,31.4,27.4,157.50,157.50
2025-03-03 05:45:00,1740969900,1.6,1.6,1.6,84.0,28.2,2.0,SSE,0.80,2.22,SSE,31.5,766.39,0.00,0.00,35.10,27.0,-1.10,349,15,28.2,28.0,,345,0,inches_0_01,0,30.9,30.9,30.7,31.5,27.4,157.50,157.50
2025-03-03 06:00:00,1740970800,1.7,1.7,1.7,83.0,27.9,3.0,SSE,1.20,3.56,SSE,29.8,766.37,0.00,0.00,35.20,27.0,-1.10,351,15,27.9,27.8,,360,0,inches_0_01,0,30.8,30.8,30.7,29.8,25.3,157.50,157.50
2025-03-03 06:15:00,1740971700,1.7,1.7,1.7,83.0,27.9,3.0,SSE,1.20,3.11,SSE,29.8,766.32,0.00,0.00,35.10,27.0,-1.20,351,15,27.9,27.8,,375,0,inches_0_01,0,30.8,30.8,30.7,29.8,25.9,157.50,157.50
2025-03-03 06:30:00,1740972600,1.7,1.7,1.7,83.0,28.0,3.0,SSE,1.20,3.56,SSE,29.9,766.19,0.00,0.00,35.10,27.0,-1.10,350,15,28.0,27.9,,390,0,inches_0_01,0,30.9,30.9,30.8,29.9,25.4,157.50,157.50
2025-03-03 06:45:00,1740973500,1.6,1.6,1.6,84.0,28.3,3.0,SSE,1.20,4.00,SSE,29.9,766.06,0.00,0.00,34.90,27.0,-1.20,350,15,28.3,28.2,,405,0,inches_0_01,0,31.0,31.0,30.9,29.9,24.8,157.50,157.50
2025-03-03 07:00:00,1740974400,1.6,1.6,1.6,84.0,28.3,2.0,SSE,0.80,3.11,SE,31.6,765.91,0.00,0.00,34.80,27.0,-1.20,351,15,28.4,28.2,,420,0,inches_0_01,0,31.0,31.1,30.9,31.7,26.0,157.50,135.00
2025-03-03 07:15:00,1740975300,1.5,1.5,1.5,85.0,28.5,3.0,SSE,1.20,4.44,S,29.8,765.73,0.00,0.00,34.80,27.0,-1.20,349,15,28.6,28.5,,435,0,inches_0_01,0,31.0,31.1,31.0,29.9,24.3,157.50,180.00
2025-03-03 07:30:00,1740976200,1.5,1.5,1.5,85.0,28.6,3.0,SSE,1.20,3.11,S,29.9,765.56,0.00,0.00,34.60,27.0,-1.30,351,15,28.6,28.5,,450,0,inches_0_01,0,31.1,31.1,31.0,29.9,26.0,157.50,180.00
2025-03-03 07:45:00,1740977100,1.6,1.6,1.6,84.0,28.5,2.0,SSE,0.80,2.67,SSE,31.8,765.48,0.00,0.00,34.60,27.0,-1.20,351,15,28.5,28.3,,465,0,inches_0_01,0,31.2,31.2,31.0,31.8,26.9,157.50,157.50
2025-03-03 08:00:00,1740978000,1.4,1.4,1.4,86.0,29.1,3.0,SSE,1.20,2.67,SSE,30.2,765.38,0.00,0.00,34.40,27.0,-1.20,351,15,29.2,29.1,,480,0,inches_0_01,0,31.4,31.5,31.4,30.3,27.1,157.50,157.50
2025-03-03 08:15:00,1740978900,1.3,1.3,1.3,87.0,29.3,2.0,SSE,0.80,2.22,S,31.7,765.33,0.00,0.00,34.40,27.0,-1.20,350,15,29.4,29.2,,495,0,inches_0_01,0,31.4,31.5,31.3,31.8,27.7,157.50,180.00
2025-03-03 08:30:00,1740979800,1.3,1.3,1.3,87.0,29.2,2.0,SSE,0.80,2.67,SSE,31.6,765.20,0.00,0.00,34.60,27.0,-1.20,349,15,29.3,29.2,,510,0,inches_0_01,0,31.3,31.4,31.3,31.7,26.9,157.50,157.50
2025-03-03 08:45:00,1740980700,1.4,1.4,1.4,86.0,29.1,3.0,SSE,1.20,3.11,SSE,30.2,765.02,0.00,0.00,34.50,27.0,-1.20,349,15,29.1,28.9,,525,0,inches_0_01,0,31.4,31.4,31.2,30.2,26.2,157.50,157.50
2025-03-03 09:00:00,1740981600,1.6,1.6,1.6,84.0,28.8,3.0,SSE,1.20,3.11,S,30.5,764.95,0.00,0.00,34.40,27.0,-1.20,351,15,28.8,28.5,,540,0,inches_0_01,0,31.5,31.5,31.2,30.5,26.4,157.50,180.00
2025-03-03 09:15:00,1740982500,1.7,1.7,1.7,83.0,28.6,4.0,SSE,1.60,4.00,SSE,29.4,764.90,0.00,0.00,34.40,27.0,-1.20,349,15,28.7,28.4,,555,0,inches_0_01,0,31.5,31.6,31.3,29.5,25.4,157.50,157.50
2025-03-03 09:30:00,1740983400,1.8,1.8,1.8,82.0,28.5,3.0,SSE,1.20,4.00,SSE,30.9,764.84,0.00,0.00,34.30,27.0,-1.20,350,15,28.5,28.3,,570,0,inches_0_01,0,31.6,31.6,31.4,30.9,25.7,157.50,157.50
2025-03-03 09:45:00,1740984300,1.8,1.8,1.8,82.0,28.5,4.0,SSE,1.60,4.00,SSE,29.6,764.77,0.00,0.00,34.30,27.0,-1.20,350,15,28.5,28.4,,585,0,inches_0_01,0,31.6,31.6,31.5,29.6,25.8,157.50,157.50
2025-03-03 10:00:00,1740985200,1.9,1.9,1.9,81.0,28.3,4.0,SSE,1.60,3.56,SSE,29.8,764.84,0.00,0.00,34.30,27.0,-1.20,351,15,28.3,28.1,,600,0,inches_0_01,0,31.6,31.6,31.4,29.8,26.4,157.50,157.50
2025-03-03 10:15:00,1740986100,1.9,1.9,1.9,81.0,28.4,3.0,SSE,1.20,3.56,SSE,31.1,764.72,0.00,0.00,34.20,27.0,-1.20,350,15,28.5,28.3,,615,0,inches_0_01,0,31.7,31.8,31.6,31.2,26.6,157.50,157.50
2025-03-03 10:30:00,1740987000,2.0,2.0,2.0,80.0,28.3,3.0,SSE,1.20,3.11,SSE,31.3,764.67,0.00,0.00,34.00,27.0,-1.20,350,15,28.3,28.1,,630,0,inches_0_01,0,31.8,31.8,31.6,31.3,27.4,157.50,157.50
2025-03-03 10:45:00,1740987900,2.0,2.0,2.0,80.0,28.4,4.0,SSE,1.60,4.44,SSE,30.2,764.51,0.00,0.00,34.00,27.0,-1.20,352,15,28.4,28.2,,645,0,inches_0_01,0,31.9,31.9,31.7,30.2,25.8,157.50,157.50
2025-03-03 11:00:00,1740988800,2.0,2.0,2.0,80.0,28.7,4.0,SSE,1.60,3.56,SSE,30.6,764.46,0.00,0.00,33.80,27.0,-1.10,351,15,28.8,28.3,,660,0,inches_0_01,0,32.2,32.3,31.8,30.7,27.0,157.50,157.50
2025-03-03 11:15:00,1740989700,2.0,2.0,2.0,80.0,28.8,3.0,SSE,1.20,3.56,SSE,31.9,764.46,0.00,0.00,33.70,27.0,-1.10,350,15,28.8,28.7,,675,0,inches_0_01,0,32.3,32.3,32.2,31.9,27.5,157.50,157.50
2025-03-03 11:30:00,1740990600,2.1,2.1,2.0,80.0,29.0,3.0,SSE,1.20,2.67,S,32.1,764.39,0.00,0.00,33.70,27.0,-1.00,350,15,29.0,28.8,,690,0,inches_0_01,0,32.4,32.4,32.3,32.1,28.9,157.50,180.00
2025-03-03 11:45:00,1740991500,2.0,2.0,2.0,81.0,29.2,3.0,SSE,1.20,3.56,SSE,32.0,764.41,0.00,0.00,33.70,27.0,-1.00,350,15,29.4,29.2,,705,0,inches_0_01,0,32.4,32.6,32.4,32.2,27.7,157.50,157.50
2025-03-03 12:00:00,1740992400,2.0,2.0,2.0,81.0,29.4,2.0,S,0.80,2.67,SSE,33.8,764.41,0.00,0.00,33.70,27.0,-0.80,352,15,29.5,29.2,,720,0,inches_0_01,0,32.6,32.7,32.4,33.9,29.0,180.00,157.50
2025-03-03 12:15:00,1740993300,2.1,2.1,2.1,80.0,29.1,2.0,S,0.80,2.67,SSE,33.8,764.31,0.00,0.00,34.00,27.0,-0.60,348,15,29.3,29.1,,735,0,inches_0_01,0,32.5,32.7,32.5,34.0,29.3,180.00,157.50
2025-03-03 12:30:00,1740994200,2.0,2.0,2.0,81.0,29.6,1.0,S,0.40,2.22,S,34.8,764.39,0.00,0.00,33.90,27.0,-0.50,347,15,29.7,29.4,,750,0,inches_0_01,0,32.8,32.9,32.6,34.9,30.1,180.00,180.00
2025-03-03 12:45:00,1740995100,1.9,1.9,1.9,82.0,29.5,2.0,SSE,0.80,2.67,SSE,33.6,764.18,0.00,0.00,34.30,27.0,-0.40,351,15,29.9,29.5,,765,0,inches_0_01,0,32.5,32.9,32.5,34.0,29.0,157.50,157.50
2025-03-03 13:00:00,1740996000,1.7,1.8,1.7,83.0,29.5,2.0,S,0.80,2.22,SSE,33.2,764.08,0.00,0.00,34.60,27.0,-0.20,352,15,29.8,29.5,,780,0,inches_0_01,0,32.4,32.6,32.4,33.6,29.5,180.00,157.50
2025-03-03 13:15:00,1740996900,1.7,1.7,1.7,83.0,29.5,2.0,S,0.80,2.22,S,33.2,764.03,0.00,0.00,34.70,27.0,-0.10,350,15,29.6,29.5,,795,0,inches_0_01,0,32.4,32.5,32.4,33.3,29.5,180.00,180.00
2025-03-03 13:30:00,1740997800,1.6,1.6,1.6,84.0,29.9,1.0,SSE,0.40,1.78,S,34.2,763.96,0.00,0.00,34.60,27.0,0.00,351,15,29.9,29.8,,810,0,inches_0_01,0,32.6,32.6,32.5,34.2,30.5,157.50,180.00
2025-03-03 13:45:00,1740998700,1.6,1.6,1.5,85.0,30.3,1.0,SW,0.40,1.78,SSE,34.3,763.98,0.01,0.00,34.50,27.0,0.00,346,15,30.4,30.1,,825,1,inches_0_01,0,32.7,32.8,32.6,34.4,30.5,225.00,157.50
2025-03-03 14:00:00,1740999600,1.7,1.7,1.7,84.0,30.2,1.0,S,0.40,2.22,SSE,34.5,763.98,0.00,0.00,34.50,27.0,0.00,351,15,30.2,30.0,,840,0,inches_0_01,0,32.8,32.8,32.6,34.5,29.7,180.00,157.50
2025-03-03 14:15:00,1741000500,1.6,1.6,1.6,85.0,30.4,1.0,SSE,0.40,1.78,S,34.4,763.98,0.00,0.00,34.60,27.0,0.10,348,15,30.6,30.4,,855,0,inches_0_01,0,32.8,33.0,32.8,34.6,30.8,157.50,180.00
2025-03-03 14:30:00,1741001400,1.5,1.5,1.5,86.0,30.7,2.0,SSE,0.80,2.22,SSE,33.7,763.93,0.01,0.00,34.40,27.0,0.10,348,15,30.7,30.6,,870,1,inches_0_01,0,33.0,33.0,32.9,33.7,29.8,157.50,157.50
2025-03-03 14:45:00,1741002300,1.4,1.4,1.4,87.0,31.2,2.0,SSE,0.80,3.11,SSE,33.9,763.80,0.00,0.00,34.10,27.0,0.10,348,15,31.3,30.9,,885,0,inches_0_01,0,33.3,33.4,33.0,34.0,28.3,157.50,157.50
2025-03-03 15:00:00,1741003200,1.6,1.6,1.6,85.0,31.0,2.0,SSE,0.80,2.22,SSE,34.3,763.78,0.00,0.00,34.00,27.0,0.20,351,15,31.0,30.7,,900,0,inches_0_01,0,33.5,33.5,33.1,34.3,30.2,157.50,157.50
2025-03-03 15:15:00,1741004100,1.7,1.7,1.7,84.0,31.0,1.0,NNW,0.40,0.89,NNW,35.3,763.96,0.00,0.00,34.00,27.0,0.30,349,15,31.0,30.7,,915,0,inches_0_01,0,33.6,33.6,33.3,35.3,34.2,337.50,337.50
2025-03-03 15:30:00,1741005000,1.9,1.9,1.9,82.0,30.6,1.0,SE,0.40,1.33,E,35.5,763.96,0.00,0.00,34.10,27.0,0.40,349,15,30.6,30.4,,930,0,inches_0_01,0,33.6,33.6,33.4,35.5,33.0,135.00,90.00
2025-03-03 15:45:00,1741005900,2.0,2.0,2.0,81.0,30.3,1.0,NNW,0.40,1.33,SE,35.6,763.88,0.00,0.00,34.20,27.0,0.50,349,15,30.4,30.2,,945,0,inches_0_01,0,33.6,33.7,33.4,35.7,33.1,337.50,135.00
2025-03-03 16:00:00,1741006800,2.1,2.1,2.1,80.0,30.0,0.0,NNW,,0.89,NNW,34.9,763.93,0.00,0.00,34.40,27.0,0.50,350,15,30.1,30.0,,960,0,inches_0_01,0,33.5,33.6,33.5,35.0,34.9,337.50,337.50
2025-03-03 16:15:00,1741007700,2.0,2.0,2.0,81.0,30.4,1.0,NNW,0.40,2.22,NNW,35.7,763.88,0.00,0.00,34.30,27.0,0.60,351,15,30.4,30.3,,975,0,inches_0_01,0,33.7,33.7,33.6,35.7,31.3,337.50,337.50
2025-03-03 16:30:00,1741008600,2.1,2.1,2.1,80.0,30.2,1.0,SE,0.40,1.78,SE,35.8,763.90,0.00,0.00,34.30,27.0,0.60,349,15,30.3,30.1,,990,0,inches_0_01,0,33.7,33.8,33.6,35.9,32.3,135.00,135.00
2025-03-03 16:45:00,1741009500,2.1,2.1,2.1,80.0,30.3,1.0,N,0.40,1.33,NNW,35.9,763.80,0.00,0.00,34.30,27.0,0.70,350,15,30.3,30.2,,1005,0,inches_0_01,0,33.8,33.8,33.7,35.9,33.6,360.00,337.50
2025-03-03 17:00:00,1741010400,2.2,2.2,2.2,79.0,30.0,1.0,NNW,0.40,1.78,NW,35.9,763.78,0.00,0.00,34.40,27.0,0.70,349,15,30.1,29.9,,1020,0,inches_0_01,0,33.7,33.8,33.6,36.0,32.4,337.50,315.00
2025-03-03 17:15:00,1741011300,2.2,2.2,2.2,79.0,30.1,0.0,E,,1.33,NNW,33.8,763.83,0.00,0.00,34.40,27.0,0.80,350,15,30.2,30.0,,1035,0,inches_0_01,0,33.8,33.9,33.7,33.9,33.7,90.00,337.50
2025-03-03 17:30:00,1741012200,2.1,2.1,2.1,80.0,30.3,0.0,ENE,,0.89,ENE,35.2,763.90,0.00,0.00,34.50,28.0,1.80,349,15,30.4,30.3,,1050,0,inches_0_01,0,33.8,33.9,33.8,35.3,35.2,67.50,67.50
2025-03-03 17:45:00,1741013100,2.2,2.2,2.2,79.0,29.8,1.0,NNW,0.40,1.33,NNW,35.7,763.83,0.00,0.00,35.50,30.0,4.10,347,15,30.0,29.8,,1065,0,inches_0_01,0,33.5,33.7,33.5,35.9,33.5,337.50,337.50
2025-03-03 18:00:00,1741014000,2.2,2.2,2.2,79.0,29.4,1.0,NNE,0.40,1.33,ESE,35.3,763.90,0.00,0.00,36.80,31.0,5.70,351,15,29.8,29.3,,1080,0,inches_0_01,0,33.1,33.5,33.0,35.7,32.9,22.50,112.50
2025-03-03 18:15:00,1741014900,2.1,2.1,2.1,80.0,29.6,0.0,N,,0.89,N,34.3,763.83,0.00,0.00,38.00,32.0,7.50,347,15,29.8,29.5,70.2,1095,0,inches_0_01,0,33.0,33.2,32.9,34.5,34.2,360.00,360.00
2025-03-03 18:30:00,1741015800,2.0,2.0,2.0,81.0,29.9,1.0,SSE,0.40,2.22,SSE,35.1,763.78,0.00,0.00,38.30,32.0,7.80,350,15,30.0,29.8,70.6,1110,0,inches_0_01,0,33.1,33.2,33.0,35.2,30.5,157.50,157.50
2025-03-03 18:45:00,1741016700,2.0,2.0,2.0,81.0,29.8,0.0,SE,,0.89,SE,34.2,763.68,0.00,0.00,38.00,31.0,6.70,348,15,30.0,29.8,70.2,1125,0,inches_0_01,0,33.0,33.2,33.0,34.4,34.2,135.00,135.00
2025-03-03 19:00:00,1741017600,2.0,2.0,2.0,81.0,29.8,0.0,SE,,0.89,SE,34.2,763.80,0.00,0.00,37.60,31.0,6.30,351,15,29.9,29.8,69.8,1140,0,inches_0_01,0,33.0,33.1,33.0,34.3,34.2,135.00,135.00
2025-03-03 19:15:00,1741018500,2.0,2.0,2.0,81.0,30.0,1.0,SSE,0.40,1.78,SSE,35.2,763.70,0.00,0.00,37.00,31.0,6.00,349,15,30.0,29.8,69.3,1155,0,inches_0_01,0,33.2,33.2,33.0,35.2,31.5,157.50,157.50
2025-03-03 19:30:00,1741019400,2.0,2.0,2.0,81.0,30.1,1.0,SSE,0.40,1.78,SSE,35.3,763.63,0.00,0.00,36.60,31.0,5.70,352,15,30.1,30.0,,1170,0,inches_0_01,0,33.3,33.3,33.2,35.3,31.7,157.50,157.50
2025-03-03 19:45:00,1741020300,2.0,2.0,2.0,81.0,30.0,2.0,SSE,0.80,2.67,SSE,34.4,763.45,0.00,0.00,36.50,30.0,4.70,350,15,30.1,30.0,,1185,0,inches_0_01,0,33.2,33.3,33.2,34.5,30.0,157.50,157.50
2025-03-03 20:00:00,1741021200,2.0,2.0,2.0,81.0,30.0,2.0,SSE,0.80,2.22,SSE,34.4,763.30,0.00,0.00,36.20,30.0,4.50,349,15,30.1,29.9,,1200,0,inches_0_01,0,33.2,33.3,33.1,34.5,30.7,157.50,157.50
2025-03-03 20:15:00,1741022100,1.9,1.9,1.9,82.0,30.5,3.0,SSE,1.20,4.00,SSE,33.1,763.19,0.00,0.00,35.70,30.0,4.30,349,15,30.5,30.2,,1215,0,inches_0_01,0,33.5,33.5,33.2,33.1,28.0,157.50,157.50
2025-03-03 20:30:00,1741023000,2.0,2.0,2.0,81.0,30.1,4.0,SSE,1.60,4.00,SSE,31.8,763.19,0.00,0.00,35.60,30.0,4.00,349,15,30.2,30.1,,1230,0,inches_0_01,0,33.3,33.4,33.3,32.0,28.3,157.50,157.50
2025-03-03 20:45:00,1741023900,2.0,2.0,2.0,81.0,30.0,2.0,SSE,0.80,3.11,SSE,34.4,762.94,0.00,0.00,35.60,29.0,3.10,352,15,30.2,30.0,,1245,0,inches_0_01,0,33.2,33.4,33.2,34.7,29.3,157.50,157.50
2025-03-03 21:00:00,1741024800,2.0,2.0,2.0,81.0,29.8,1.0,SSE,0.40,1.78,SSE,35.0,762.81,0.00,0.00,35.60,29.0,2.90,351,15,30.0,29.8,,1260,0,inches_0_01,0,33.0,33.2,33.0,35.2,31.5,157.50,157.50
2025-03-03 21:15:00,1741025700,2.0,2.0,2.0,81.0,29.6,1.0,SSE,0.40,2.22,SSE,34.8,762.81,0.00,0.00,35.70,29.0,2.80,348,15,29.8,29.6,,1275,0,inches_0_01,0,32.8,33.0,32.8,35.0,30.3,157.50,157.50
2025-03-03 21:30:00,1741026600,1.9,1.9,1.9,82.0,29.9,2.0,SSE,0.80,1.78,SSE,34.0,762.86,0.00,0.00,35.50,29.0,2.80,351,15,29.9,29.8,,1290,0,inches_0_01,0,32.9,32.9,32.8,34.0,31.1,157.50,157.50
2025-03-03 21:45:00,1741027500,2.0,2.0,2.0,81.0,29.6,2.0,SSE,0.80,1.78,S,34.0,762.66,0.00,0.00,35.50,29.0,2.70,351,15,29.6,29.5,,1305,0,inches_0_01,0,32.8,32.8,32.7,34.0,31.1,157.50,180.00
2025-03-03 22:00:00,1741028400,2.0,2.0,2.0,81.0,29.7,1.0,SSE,0.40,1.33,SSE,34.9,762.69,0.00,0.00,35.40,29.0,2.70,350,15,29.7,29.6,,1320,0,inches_0_01,0,32.9,32.9,32.8,34.9,32.4,157.50,157.50
2025-03-03 22:15:00,1741029300,2.0,2.0,2.0,81.0,29.7,1.0,SSE,0.40,1.33,SSE,34.9,762.66,0.00,0.00,35.30,29.0,2.60,350,15,29.8,29.6,,1335,0,inches_0_01,0,32.9,33.0,32.8,35.0,32.4,157.50,157.50
2025-03-03 22:30:00,1741030200,2.1,2.1,2.1,80.0,29.5,1.0,SSE,0.40,1.78,SSE,35.0,762.48,0.00,0.00,35.20,29.0,2.50,351,15,29.5,29.4,,1350,0,inches_0_01,0,32.9,32.9,32.8,35.0,31.4,157.50,157.50
2025-03-03 22:45:00,1741031100,2.1,2.1,2.1,80.0,29.4,1.0,S,0.40,1.33,SSE,34.9,762.38,0.00,0.00,35.20,29.0,2.40,351,15,29.5,29.4,,1365,0,inches_0_01,0,32.8,32.9,32.8,35.0,32.5,180.00,157.50
2025-03-03 23:00:00,1741032000,2.1,2.1,2.1,80.0,29.6,1.0,S,0.40,1.78,SSE,35.1,762.13,0.00,0.00,35.00,29.0,2.40,350,15,29.6,29.4,,1380,0,inches_0_01,0,33.0,33.0,32.8,35.1,31.4,180.00,157.50
2025-03-03 23:15:00,1741032900,2.1,2.1,2.1,80.0,29.7,1.0,S,0.40,1.78,SSE,35.2,761.97,0.00,0.00,34.80,29.0,2.30,351,15,29.7,29.6,,1395,0,inches_0_01,0,33.1,33.1,33.0,35.2,31.6,180.00,157.50
2025-03-03 23:30:00,1741033800,2.0,2.0,2.0,81.0,30.0,2.0,SSE,0.80,2.22,SSE,34.4,761.80,0.00,0.00,34.70,29.0,2.30,348,15,30.1,29.9,,1410,0,inches_0_01,0,33.2,33.3,33.1,34.5,30.7,157.50,157.50
2025-03-03 23:45:00,1741034700,1.7,1.7,1.7,84.0,30.2,3.0,SSE,1.20,2.67,SSE,32.1,761.62,0.00,0.00,35.10,28.0,1.50,349,15,30.9,30.2,,1425,0,inches_0_01,0,32.8,33.5,32.8,32.9,29.2,157.50,157.50
2025-03-04 00:00:00,1741035600,1.4,1.5,1.4,86.0,30.4,1.0,S,0.40,2.22,SSE,34.1,761.34,0.00,0.00,35.10,29.0,2.20,352,15,30.7,30.4,,1440,0,inches_0_01,0,32.7,33.0,32.7,34.5,29.5,180.00,157.50
2025-03-04 00:15:00,1741036500,1.3,1.4,1.3,87.0,30.5,1.0,S,0.40,1.78,SSE,34.0,761.16,0.00,0.00,35.10,29.0,2.20,347,15,30.6,30.4,,15,0,inches_0_01,0,32.7,32.7,32.6,34.1,30.2,180.00,157.50
2025-03-04 00:30:00,1741037400,1.4,1.4,1.3,87.0,30.6,2.0,S,0.80,2.67,SSE,33.2,760.96,0.00,0.00,35.10,29.0,2.20,350,15,30.6,30.5,,30,0,inches_0_01,0,32.7,32.7,32.7,33.2,28.6,180.00,157.50
2025-03-04 00:45:00,1741038300,1.4,1.4,1.3,87.0,30.6,1.0,S,0.40,2.22,SSE,34.1,760.86,0.00,0.00,35.10,29.0,2.20,349,15,30.6,30.5,,45,0,inches_0_01,0,32.7,32.7,32.7,34.1,29.4,180.00,157.50
2025-03-04 01:00:00,1741039200,1.3,1.4,1.3,87.0,30.5,1.0,SSE,0.40,1.78,SSE,34.0,760.68,0.00,0.00,35.10,29.0,2.20,348,15,30.6,30.5,,60,0,inches_0_01,0,32.7,32.7,32.7,34.1,30.3,157.50,157.50
2025-03-04 01:15:00,1741040100,1.2,1.3,1.2,88.0,30.7,1.0,S,0.40,1.78,S,33.9,760.45,0.01,0.00,35.00,29.0,2.20,351,15,30.9,30.7,,75,1,inches_0_01,0,32.7,32.8,32.7,34.1,30.2,180.00,180.00
2025-03-04 01:30:00,1741041000,1.2,1.2,1.2,88.0,30.5,1.0,S,0.40,1.33,SSW,33.7,760.35,0.00,0.00,35.20,29.0,2.20,351,15,30.7,30.4,,90,0,inches_0_01,0,32.5,32.7,32.4,33.9,31.1,180.00,202.50
2025-03-04 01:45:00,1741041900,1.2,1.2,1.2,88.0,30.2,1.0,S,0.40,1.33,SSE,33.4,760.17,0.00,0.00,35.40,29.0,2.10,348,15,30.4,30.2,,105,0,inches_0_01,0,32.2,32.4,32.2,33.6,30.9,180.00,157.50
2025-03-04 02:00:00,1741042800,1.1,1.1,1.1,89.0,30.3,1.0,SW,0.40,1.78,SSE,33.2,759.97,0.00,0.00,35.50,29.0,2.10,350,15,30.5,30.3,,120,0,inches_0_01,0,32.1,32.3,32.1,33.4,29.4,225.00,157.50
2025-03-04 02:15:00,1741043700,1.0,1.0,1.0,90.0,30.5,0.0,SW,,0.44,SW,33.1,759.92,0.00,0.00,35.40,29.0,2.00,349,15,30.6,30.5,,135,0,inches_0_01,0,32.1,32.2,32.1,33.2,33.1,225.00,225.00
2025-03-04 02:30:00,1741044600,1.0,1.0,1.0,90.0,30.6,0.0,S,,1.33,SSE,30.6,759.76,0.01,0.00,35.30,29.0,2.00,352,15,30.6,30.5,,150,1,inches_0_01,0,32.2,32.2,32.1,30.6,30.5,180.00,157.50
2025-03-04 02:45:00,1741045500,1.0,1.0,1.0,90.0,30.8,2.0,S,0.80,3.11,SSE,32.5,759.59,0.01,0.00,35.10,29.0,2.00,349,15,30.8,30.5,,165,1,inches_0_01,0,32.4,32.4,32.1,32.5,26.8,180.00,157.50
2025-03-04 03:00:00,1741046400,1.0,1.0,1.0,90.0,30.9,2.0,SSE,0.80,2.67,SSE,32.6,759.56,0.01,0.06,34.90,29.0,1.90,351,15,30.9,30.8,,180,1,inches_0_01,6,32.5,32.5,32.4,32.6,27.8,157.50,157.50
2025-03-04 03:15:00,1741047300,1.0,1.0,1.0,90.0,31.0,2.0,SSE,0.80,4.00,SSE,32.7,759.51,0.01,0.06,34.80,29.0,1.90,347,15,31.0,30.8,,195,1,inches_0_01,6,32.6,32.6,32.4,32.7,25.9,157.50,157.50
2025-03-04 03:30:00,1741048200,1.0,1.0,1.0,90.0,31.1,2.0,SSE,0.80,2.22,SSE,32.8,759.46,0.02,0.05,34.60,29.0,1.80,349,15,31.1,31.0,,210,2,inches_0_01,5,32.7,32.7,32.6,32.8,28.9,157.50,157.50
2025-03-04 03:45:00,1741049100,1.0,1.0,1.0,90.0,31.3,2.0,SSE,0.80,2.22,SSE,33.0,759.38,0.00,0.04,34.40,29.0,1.80,351,15,31.3,31.1,,225,0,inches_0_01,4,32.9,32.9,32.7,33.0,29.0,157.50,157.50
2025-03-04 04:00:00,1741050000,1.1,1.2,1.1,89.0,31.0,1.0,SSE,0.40,2.22,SSE,33.9,759.21,0.01,0.04,34.40,29.0,1.70,350,15,31.1,31.0,,240,1,inches_0_01,4,32.8,32.8,32.8,34.0,29.3,157.50,157.50
2025-03-04 04:15:00,1741050900,1.0,1.0,1.0,90.0,31.3,1.0,SSE,0.40,2.67,SSE,33.9,759.21,0.01,0.00,34.30,29.0,1.70,350,15,31.4,31.2,,255,1,inches_0_01,0,32.9,33.0,32.8,34.0,28.3,157.50,157.50
2025-03-04 04:30:00,1741051800,1.1,1.1,1.1,89.0,31.0,2.0,SSE,0.80,2.67,SSE,33.0,759.13,0.00,0.00,34.40,29.0,1.70,350,15,31.0,30.9,,270,0,inches_0_01,0,32.8,32.8,32.7,33.0,28.3,157.50,157.50
2025-03-04 04:45:00,1741052700,1.1,1.2,1.1,89.0,31.0,2.0,SSE,0.80,2.22,S,33.0,759.26,0.00,0.00,34.40,29.0,1.70,351,15,31.1,31.0,,285,0,inches_0_01,0,32.8,32.8,32.8,33.1,29.3,157.50,180.00
2025-03-04 05:00:00,1741053600,1.1,1.1,1.1,89.0,31.0,1.0,SSE,0.40,2.22,SSE,33.9,759.18,0.01,0.00,34.40,29.0,1.70,349,15,31.0,30.9,,300,1,inches_0_01,0,32.8,32.8,32.7,33.9,29.1,157.50,157.50
2025-03-04 05:15:00,1741054500,1.0,1.0,1.0,90.0,31.2,1.0,SSE,0.40,1.78,SSE,33.8,759.23,0.00,0.00,34.30,29.0,1.60,349,15,31.3,31.2,,315,0,inches_0_01,0,32.8,32.9,32.8,33.9,30.1,157.50,157.50
2025-03-04 05:30:00,1741055400,1.0,1.0,1.0,90.0,31.2,1.0,SE,0.40,1.78,SSE,33.8,759.21,0.00,0.00,34.40,29.0,1.70,349,15,31.3,31.1,,330,0,inches_0_01,0,32.8,32.9,32.7,33.9,30.0,135.00,157.50
2025-03-04 05:45:00,1741056300,1.0,1.0,1.0,90.0,31.3,1.0,SE,0.40,1.33,SSE,33.9,759.18,0.00,0.00,34.20,29.0,1.60,349,15,31.3,31.2,,345,0,inches_0_01,0,32.9,32.9,32.8,33.9,31.3,135.00,157.50
2025-03-04 06:00:00,1741057200,1.0,1.0,1.0,90.0,31.3,1.0,SSE,0.40,1.78,SSE,33.9,759.18,0.00,0.00,34.10,29.0,1.60,351,15,31.3,31.2,,360,0,inches_0_01,0,32.9,32.9,32.8,33.9,30.1,157.50,157.50
2025-03-04 06:15:00,1741058100,1.0,1.0,1.0,90.0,31.4,1.0,SSE,0.40,1.78,SSE,34.0,759.21,0.01,0.00,34.10,29.0,1.60,350,15,31.4,31.3,,375,1,inches_0_01,0,33.0,33.0,32.9,34.0,30.2,157.50,157.50
2025-03-04 06:30:00,1741059000,1.0,1.1,1.0,90.0,31.4,1.0,SSE,0.40,1.78,SSE,34.0,759.16,0.00,0.00,34.10,29.0,1.60,351,15,31.5,31.3,,390,0,inches_0_01,0,33.0,33.0,32.9,34.1,30.2,157.50,157.50
2025-03-04 06:45:00,1741059900,1.0,1.1,1.0,90.0,31.4,1.0,SSE,0.40,1.78,SSE,34.0,759.10,0.00,0.00,34.00,29.0,1.60,350,15,31.5,31.4,,405,0,inches_0_01,0,33.0,33.0,33.0,34.1,30.3,157.50,157.50
2025-03-04 07:00:00,1741060800,1.1,1.1,1.0,90.0,31.5,1.0,SSE,0.40,1.78,SSE,34.1,759.08,0.00,0.00,34.00,29.0,1.60,351,15,31.5,31.4,,420,0,inches_0_01,0,33.0,33.0,33.0,34.1,30.3,157.50,157.50
2025-03-04 07:15:00,1741061700,1.2,1.2,1.2,89.0,31.2,1.0,SSE,0.40,2.67,SSE,34.1,759.03,0.00,0.00,34.10,29.0,1.60,349,15,31.3,31.2,,435,0,inches_0_01,0,32.9,33.0,32.9,34.2,28.7,157.50,157.50
2025-03-04 07:30:00,1741062600,1.2,1.2,1.2,89.0,31.3,1.0,SE,0.40,1.78,SSE,34.2,758.95,0.00,0.00,34.00,29.0,1.60,348,15,31.4,31.2,,450,0,inches_0_01,0,33.0,33.1,32.9,34.3,30.5,135.00,157.50
2025-03-04 07:45:00,1741063500,1.1,1.1,1.1,90.0,31.7,1.0,SSE,0.40,1.33,NW,34.3,759.03,0.00,0.00,33.80,29.0,1.60,351,15,31.7,31.6,,465,0,inches_0_01,0,33.2,33.2,33.1,34.3,31.8,157.50,315.00
2025-03-04 08:00:00,1741064400,1.1,1.1,1.1,90.0,31.8,1.0,SE,0.40,1.33,SSE,34.4,759.26,0.00,0.00,33.80,29.0,1.60,351,15,31.8,31.7,,480,0,inches_0_01,0,33.3,33.3,33.2,34.4,31.9,135.00,157.50
2025-03-04 08:15:00,1741065300,1.1,1.1,1.1,90.0,31.8,2.0,SE,0.80,4.44,SE,33.6,759.33,0.00,0.00,33.80,29.0,1.60,349,15,31.9,31.7,,495,0,inches_0_01,0,33.3,33.4,33.2,33.7,26.5,135.00,135.00
2025-03-04 08:30:00,1741066200,1.1,1.1,1.1,90.0,31.8,2.0,SE,0.80,3.56,SE,33.6,759.28,0.00,0.00,33.70,29.0,1.60,350,15,31.9,31.8,,510,0,inches_0_01,0,33.3,33.4,33.3,33.7,27.7,135.00,135.00
2025-03-04 08:45:00,1741067100,1.1,1.1,1.1,90.0,32.0,1.0,ESE,0.40,0.89,SSE,34.6,759.13,0.00,0.00,33.60,29.0,1.60,351,15,32.0,31.8,,525,0,inches_0_01,0,33.5,33.5,33.3,34.6,33.6,112.50,157.50
2025-03-04 09:00:00,1741068000,1.1,1.1,1.1,90.0,32.0,1.0,SE,0.40,1.78,SE,34.6,759.08,0.00,0.00,33.70,29.0,1.70,350,15,32.1,32.0,,540,0,inches_0_01,0,33.5,33.6,33.5,34.7,31.0,135.00,135.00
2025-03-04 09:15:00,1741068900,1.1,1.1,1.1,90.0,32.2,1.0,SSE,0.40,1.78,SSE,34.8,759.10,0.01,0.00,33.50,29.0,1.70,350,15,32.2,32.0,,555,1,inches_0_01,0,33.7,33.7,33.5,34.8,31.0,157.50,157.50
2025-03-04 09:30:00,1741069800,1.1,1.1,1.1,90.0,32.3,1.0,SE,0.40,1.78,SE,34.9,759.08,0.00,0.00,33.40,29.0,1.70,348,15,32.3,32.1,,570,0,inches_0_01,0,33.8,33.8,33.6,34.9,31.1,135.00,135.00
2025-03-04 09:45:00,1741070700,1.1,1.1,1.1,90.0,32.5,1.0,ESE,0.40,2.67,ESE,35.1,758.98,0.00,0.00,33.30,30.0,2.70,351,15,32.6,32.3,,585,0,inches_0_01,0,34.0,34.1,33.8,35.2,29.6,112.50,112.50
2025-03-04 10:00:00,1741071600,1.1,1.1,1.1,90.0,32.7,1.0,NNE,0.40,1.78,SE,35.3,759.10,0.00,0.00,32.90,34.0,5.70,347,15,32.8,32.5,,600,0,inches_0_01,0,34.2,34.3,34.0,35.4,31.6,22.50,135.00
2025-03-04 10:15:00,1741072500,1.1,1.1,1.1,90.0,32.9,1.0,SE,0.40,1.33,SE,35.5,759.26,0.00,0.00,33.40,45.0,13.50,349,15,32.9,32.7,,615,0,inches_0_01,0,34.4,34.4,34.2,35.5,33.0,135.00,135.00
2025-03-04 10:30:00,1741073400,1.1,1.1,1.1,90.0,33.1,1.0,ESE,0.40,3.56,ESE,35.7,759.16,0.00,0.00,33.70,44.0,13.40,351,15,33.1,32.9,,630,0,inches_0_01,0,34.6,34.6,34.4,35.7,29.1,112.50,112.50
2025-03-04 10:45:00,1741074300,1.1,1.1,1.1,90.0,33.5,0.0,SE,,1.78,SSE,32.9,759.13,0.00,0.00,33.50,41.0,11.80,349,15,33.5,33.1,,645,0,inches_0_01,0,35.1,35.1,34.6,32.9,32.3,135.00,157.50
2025-03-06 18:45:00,1741275900,0.0,0.0,0.0,-3276.8,-3276.8,12.0,ESE,4.80,7.11,SE,-4138.8,756.54,0.00,0.00,3329.80,63.0,8.70,5,15,43.3,-3276.8,,1125,0,inches_0_01,0,-3276.8,43.3,43.3,-4138.8,-4239.5,112.50,135.00
2025-03-11 11:15:00,1741680900,5.2,5.4,5.2,62.0,35.1,1.0,SW,0.40,2.67,SSW,,760.53,0.00,0.00,21.30,44.0,9.20,349,15,36.7,35.1,,675,0,inches_0_01,0,42.3,43.8,42.3,,,225.00,202.50
2025-03-11 11:30:00,1741681800,4.9,5.0,4.9,64.0,35.7,2.0,SW,0.80,2.67,SW,,760.76,0.00,0.00,24.60,46.0,13.40,344,15,35.9,35.6,,690,0,inches_0_01,0,42.4,42.5,42.3,,,225.00,225.00
2025-03-11 11:45:00,1741682700,5.3,5.3,5.2,62.0,35.8,2.0,SW,0.80,2.22,SSW,,760.65,0.00,0.00,26.50,45.0,15.00,349,15,35.8,34.8,,705,0,inches_0_01,0,42.9,42.9,42.0,,,225.00,202.50
2025-03-11 12:00:00,1741683600,5.4,5.4,5.3,62.0,36.0,2.0,SW,0.80,3.11,WSW,,760.65,0.00,0.00,26.60,42.0,13.40,350,15,36.1,35.8,,720,0,inches_0_01,0,43.1,43.2,42.9,,,225.00,247.50
2025-03-11 12:15:00,1741684500,5.5,5.6,5.5,61.0,36.0,3.0,SW,1.20,3.11,WSW,,760.68,0.00,0.00,26.10,41.0,12.60,351,15,36.1,35.6,,735,0,inches_0_01,0,43.4,43.4,43.0,,,225.00,247.50
2025-03-11 12:30:00,1741685400,5.6,5.6,5.5,61.0,36.5,2.0,SW,0.80,3.11,SSE,,760.50,0.00,0.00,25.40,40.0,11.70,351,15,36.5,36.0,,750,0,inches_0_01,0,43.8,43.8,43.4,,,225.00,157.50
2025-03-11 12:45:00,1741686300,6.0,6.0,5.9,59.0,36.5,2.0,SW,0.80,2.67,S,,760.37,0.00,0.00,24.60,39.0,10.80,350,15,36.5,35.6,,765,0,inches_0_01,0,44.3,44.3,43.5,,,225.00,180.00
2025-03-11 13:00:00,1741687200,6.3,6.3,6.1,58.0,37.4,2.0,SW,0.80,3.11,SE,,760.22,0.00,0.00,23.30,39.0,10.60,351,15,37.4,36.0,,780,0,inches_0_01,0,45.4,45.4,44.2,,,225.00,135.00
2025-03-11 13:15:00,1741688100,6.8,6.8,6.6,56.0,37.6,2.0,SW,0.80,3.56,S,,760.10,0.00,0.00,22.50,39.0,10.50,349,15,37.6,36.5,,795,0,inches_0_01,0,46.1,46.1,45.1,,,225.00,180.00
2025-03-11 13:30:00,1741689000,7.1,7.1,6.9,55.0,37.8,2.0,SW,0.80,3.11,S,,759.94,0.00,0.00,22.00,38.0,9.70,349,15,37.8,37.0,,810,0,inches_0_01,0,46.5,46.5,45.9,,,225.00,180.00
2025-03-11 13:45:00,1741689900,7.0,7.1,7.0,55.0,37.7,2.0,SW,0.80,2.22,WSW,,759.87,0.00,0.00,22.00,38.0,9.70,347,15,37.8,37.7,,825,0,inches_0_01,0,46.5,46.5,46.5,,,225.00,247.50
2025-03-11 14:00:00,1741690800,7.2,7.2,7.2,54.0,37.5,2.0,SW,0.80,3.56,SSE,,759.74,0.00,0.00,22.00,38.0,9.80,352,15,37.5,37.2,,840,0,inches_0_01,0,46.6,46.6,46.3,,,225.00,157.50
2025-03-11 14:15:00,1741691700,7.2,7.3,7.2,54.0,37.5,2.0,SW,0.80,2.22,SSE,,759.59,0.00,0.00,22.00,38.0,9.80,349,15,37.6,37.5,,855,0,inches_0_01,0,46.6,46.6,46.6,,,225.00,157.50
2025-03-11 14:30:00,1741692600,7.1,7.1,7.1,55.0,38.0,2.0,SW,0.80,2.22,WSW,,759.64,0.00,0.00,21.80,37.0,9.10,349,15,38.0,37.9,,870,0,inches_0_01,0,46.8,46.8,46.6,,,225.00,247.50
2025-03-11 14:45:00,1741693500,7.3,7.3,7.3,54.0,37.8,3.0,SSE,1.20,4.00,SSE,,759.54,0.00,0.00,21.80,37.0,9.10,350,15,37.9,37.6,,885,0,inches_0_01,0,46.8,46.9,46.6,,,157.50,157.50
2025-03-11 15:00:00,1741694400,7.4,7.5,7.4,53.0,37.3,2.0,SSW,0.80,2.67,S,,759.28,0.00,0.00,22.00,37.0,9.20,350,15,37.5,37.3,,900,0,inches_0_01,0,46.7,46.8,46.7,,,202.50,180.00
2025-03-11 15:15:00,1741695300,7.5,7.5,7.4,53.0,37.5,2.0,SW,0.80,3.11,SW,,759.18,0.00,0.00,21.80,37.0,9.10,351,15,37.5,37.2,,915,0,inches_0_01,0,46.8,46.8,46.6,,,225.00,225.00
2025-03-11 15:30:00,1741696200,7.5,7.5,7.5,53.0,37.5,2.0,SW,0.80,3.56,SSE,,759.13,0.00,0.00,21.80,37.0,9.10,350,15,37.6,37.4,,930,0,inches_0_01,0,46.8,46.9,46.7,,,225.00,157.50
2025-03-11 15:45:00,1741697100,7.5,7.5,7.5,53.0,37.5,2.0,S,0.80,3.11,SSE,,758.98,0.00,0.00,21.80,37.0,9.10,351,15,37.6,37.5,,945,0,inches_0_01,0,46.8,46.9,46.8,,,180.00,157.50
2025-03-11 16:00:00,1741698000,7.0,7.0,7.0,56.0,38.7,1.0,SSE,0.40,2.22,S,,759.10,0.00,0.00,21.50,37.0,9.10,351,15,38.9,38.7,,960,0,inches_0_01,0,47.1,47.3,47.1,,,157.50,180.00
2025-03-11 16:15:00,1741698900,6.9,7.0,6.9,56.0,38.3,2.0,SW,0.80,1.78,SW,,759.05,0.00,0.00,21.80,36.0,8.40,351,15,38.8,38.3,,975,0,inches_0_01,0,46.8,47.2,46.8,,,225.00,225.00
2025-03-11 16:30:00,1741699800,6.6,6.6,6.6,58.0,38.8,2.0,SW,0.80,2.22,SW,,758.93,0.00,0.00,21.80,36.0,8.30,349,15,39.2,38.8,,990,0,inches_0_01,0,46.7,47.1,46.7,,,225.00,225.00
2025-03-11 16:45:00,1741700700,6.3,6.4,6.3,59.0,38.8,2.0,SW,0.80,2.22,SE,,758.75,0.00,0.00,21.90,37.0,9.00,349,15,39.3,38.8,,1005,0,inches_0_01,0,46.5,46.9,46.5,,,225.00,135.00
2025-03-11 17:00:00,1741701600,6.2,6.2,6.2,60.0,39.2,2.0,SW,0.80,1.78,SW,,758.57,0.00,0.00,21.80,37.0,8.90,349,15,39.3,39.2,,1020,0,inches_0_01,0,46.5,46.7,46.5,,,225.00,225.00
2025-03-11 17:15:00,1741702500,6.4,6.4,6.3,59.0,38.9,2.0,SW,0.80,2.22,SSE,,758.60,0.00,0.00,21.60,37.0,8.70,351,15,38.9,38.7,,1035,0,inches_0_01,0,46.5,46.5,46.4,,,225.00,157.50
2025-03-11 17:30:00,1741703400,6.4,6.4,6.4,59.0,38.9,2.0,SW,0.80,2.22,SW,,758.44,0.00,0.00,21.60,37.0,8.70,348,15,39.0,38.8,,1050,0,inches_0_01,0,46.5,46.6,46.4,,,225.00,225.00
2025-03-11 17:45:00,1741704300,6.3,6.4,6.3,59.0,38.5,2.0,SW,0.80,2.22,SW,,758.42,0.00,0.00,21.70,37.0,8.50,350,15,38.9,38.5,,1065,0,inches_0_01,0,46.2,46.5,46.2,,,225.00,225.00
2025-03-11 18:00:00,1741705200,6.3,6.3,6.3,59.0,38.3,2.0,SW,0.80,2.67,SW,,758.34,0.00,0.00,21.80,37.0,8.30,351,15,38.5,38.2,,1080,0,inches_0_01,0,45.9,46.2,45.8,,,225.00,225.00
2025-03-11 18:15:00,1741706100,6.1,6.1,6.1,60.0,38.4,2.0,SW,0.80,2.67,SW,,758.34,0.00,0.00,21.70,37.0,8.20,349,15,38.7,38.3,,1095,0,inches_0_01,0,45.8,46.1,45.7,,,225.00,225.00
2025-03-11 18:30:00,1741707000,5.7,5.8,5.7,62.0,38.8,2.0,SW,0.80,2.22,SSE,,758.16,0.00,0.00,21.60,37.0,8.00,351,15,39.2,38.8,,1110,0,inches_0_01,0,45.7,46.1,45.7,,,225.00,157.50
2025-03-11 18:45:00,1741707900,5.4,5.4,5.4,64.0,39.3,2.0,SW,0.80,3.56,WSW,,758.24,0.00,0.00,21.50,37.0,7.90,348,15,39.6,39.2,,1125,0,inches_0_01,0,45.7,46.0,45.6,,,225.00,247.50
2025-03-11 19:00:00,1741708800,5.4,5.4,5.4,64.0,39.2,2.0,SW,0.80,2.67,SW,,758.29,0.00,0.00,21.40,37.0,7.70,351,15,39.3,39.1,,1140,0,inches_0_01,0,45.6,45.7,45.5,,,225.00,225.00
2025-03-11 19:15:00,1741709700,5.2,5.2,5.2,65.0,39.3,2.0,SW,0.80,2.67,SSE,,758.42,0.00,0.00,21.70,37.0,7.90,349,15,39.6,39.3,,1155,0,inches_0_01,0,45.5,45.8,45.5,,,225.00,157.50
2025-03-11 19:30:00,1741710600,5.0,5.1,5.0,66.0,39.6,2.0,SW,0.80,2.67,S,,758.39,0.00,0.00,21.60,37.0,7.90,348,15,39.8,39.5,,1170,0,inches_0_01,0,45.6,45.7,45.5,,,225.00,180.00
2025-03-11 19:45:00,1741711500,4.9,4.9,4.9,67.0,39.7,3.0,SW,1.20,4.00,SSE,,758.27,0.00,0.00,21.60,37.0,7.70,350,15,40.0,39.7,,1185,0,inches_0_01,0,45.4,45.7,45.4,,,225.00,157.50
2025-03-11 20:00:00,1741712400,4.7,4.7,4.7,68.0,39.8,2.0,SW,0.80,2.22,SW,,758.24,0.00,0.00,21.50,38.0,8.20,350,15,40.1,39.8,,1200,0,inches_0_01,0,45.3,45.6,45.3,,,225.00,225.00
2025-03-11 20:15:00,1741713300,4.7,4.7,4.7,68.0,39.5,2.0,SW,0.80,2.67,SSE,,758.19,0.00,0.00,21.60,38.0,8.10,351,15,39.8,39.5,,1215,0,inches_0_01,0,45.0,45.3,45.0,,,225.00,157.50
2025-03-11 20:30:00,1741714200,4.5,4.5,4.5,69.0,39.4,2.0,SW,0.80,3.11,WSW,,758.16,0.00,0.00,21.80,38.0,8.00,352,15,39.9,39.4,,1230,0,inches_0_01,0,44.7,45.2,44.7,,,225.00,247.50
2025-03-11 20:45:00,1741715100,4.3,4.3,4.3,70.0,39.7,2.0,SSE,0.80,2.67,SSE,,758.39,0.00,0.00,21.90,38.0,8.20,347,15,39.8,39.7,,1245,0,inches_0_01,0,44.8,44.9,44.8,,,157.50,157.50
2025-03-11 21:00:00,1741716000,4.3,4.3,4.3,70.0,39.5,3.0,SSW,1.20,4.44,SSE,,758.29,0.00,0.00,21.90,38.0,8.00,350,15,39.8,39.5,,1260,0,inches_0_01,0,44.6,44.9,44.6,,,202.50,157.50
2025-03-11 21:15:00,1741716900,4.1,4.2,4.1,71.0,39.6,2.0,SSE,0.80,4.00,SSE,,758.34,0.00,0.00,21.80,38.0,7.80,351,15,39.9,39.6,,1275,0,inches_0_01,0,44.5,44.7,44.5,,,157.50,157.50
2025-03-11 21:30:00,1741717800,4.1,4.1,4.1,71.0,39.4,3.0,SSE,1.20,3.56,SE,,758.37,0.00,0.00,21.80,38.0,7.60,351,15,39.7,39.3,,1290,0,inches_0_01,0,44.3,44.6,44.2,,,157.50,135.00
2025-03-11 21:45:00,1741718700,3.9,4.0,3.9,72.0,39.4,3.0,SSE,1.20,4.44,SSE,,758.42,0.00,0.00,22.10,38.0,7.70,350,15,39.8,39.4,,1305,0,inches_0_01,0,44.1,44.4,44.1,,,157.50,157.50
2025-03-11 22:00:00,1741719600,3.9,3.9,3.9,72.0,39.0,3.0,S,1.20,3.11,SSE,,758.44,0.00,0.00,22.50,38.0,7.70,348,15,39.4,39.0,,1320,0,inches_0_01,0,43.7,44.1,43.7,,,180.00,157.50
2025-03-11 22:15:00,1741720500,3.8,3.8,3.8,73.0,39.2,3.0,SSE,1.20,3.56,SSE,,758.42,0.00,0.00,22.40,39.0,8.20,350,15,39.4,39.2,,1335,0,inches_0_01,0,43.6,43.9,43.6,,,157.50,157.50
2025-03-11 22:30:00,1741721400,3.7,3.8,3.7,73.0,39.0,3.0,SSE,1.20,3.11,S,,758.49,0.00,0.00,22.20,39.0,7.90,349,15,39.3,39.0,,1350,0,inches_0_01,0,43.5,43.7,43.5,,,157.50,180.00
2025-03-11 22:45:00,1741722300,3.7,3.7,3.7,73.0,38.9,3.0,SSE,1.20,4.44,SSE,,758.52,0.00,0.00,22.40,39.0,8.00,351,15,39.0,38.8,,1365,0,inches_0_01,0,43.4,43.5,43.3,,,157.50,157.50
2025-03-11 23:00:00,1741723200,3.7,3.7,3.7,73.0,38.7,4.0,SSE,1.60,3.56,SE,,758.55,0.00,0.00,22.50,39.0,7.90,351,15,38.9,38.7,,1380,0,inches_0_01,0,43.2,43.4,43.2,,,157.50,135.00
2025-03-11 23:15:00,1741724100,3.7,3.7,3.7,73.0,38.5,4.0,SSE,1.60,4.00,SE,,758.62,0.00,0.00,22.40,39.0,7.70,350,15,38.7,38.4,,1395,0,inches_0_01,0,43.0,43.2,42.9,,,157.50,135.00
2025-03-11 23:30:00,1741725000,3.7,3.7,3.7,73.0,38.2,4.0,SSE,1.60,4.44,SSE,,758.60,0.00,0.00,22.50,39.0,7.50,351,15,38.5,38.2,,1410,0,inches_0_01,0,42.7,43.0,42.7,,,157.50,157.50
2025-03-11 23:45:00,1741725900,3.7,3.7,3.7,73.0,38.1,3.0,SSE,1.20,4.00,S,,758.72,0.00,0.00,22.70,39.0,7.60,350,15,38.2,38.0,,1425,0,inches_0_01,0,42.6,42.7,42.5,,,157.50,180.00
2025-03-12 00:00:00,1741726800,3.5,3.5,3.5,74.0,38.3,3.0,SSE,1.20,4.00,SSE,,758.65,0.00,0.00,22.50,39.0,7.40,350,15,38.4,38.3,,1440,0,inches_0_01,0,42.6,42.8,42.6,,,157.50,157.50
2025-03-12 00:15:00,1741727700,3.5,3.5,3.5,74.0,38.2,4.0,SSE,1.60,3.56,SSE,,758.65,0.00,0.00,22.40,39.0,7.20,349,15,38.3,38.2,,15,0,inches_0_01,0,42.5,42.6,42.5,,,157.50,157.50
2025-03-12 00:30:00,1741728600,3.5,3.5,3.5,74.0,38.1,3.0,SSE,1.20,4.44,SSE,,758.60,0.00,0.00,22.50,39.0,7.20,349,15,38.2,38.0,,30,0,inches_0_01,0,42.4,42.5,42.3,,,157.50,157.50
2025-03-12 00:45:00,1741729500,3.5,3.5,3.5,74.0,38.1,3.0,SSE,1.20,3.11,SSE,,758.52,0.00,0.00,22.50,39.0,7.20,350,15,38.2,38.0,,45,0,inches_0_01,0,42.4,42.5,42.3,,,157.50,157.50
2025-03-12 01:00:00,1741730400,3.4,3.4,3.4,75.0,38.3,3.0,SSE,1.20,2.67,SE,,758.62,0.00,0.00,22.20,39.0,7.00,350,15,38.4,38.2,,60,0,inches_0_01,0,42.4,42.5,42.3,,,157.50,135.00
2025-03-12 01:15:00,1741731300,3.2,3.2,3.2,76.0,38.3,3.0,SSE,1.20,2.67,SSE,,758.55,0.00,0.00,22.30,39.0,6.90,352,15,38.6,38.3,,75,0,inches_0_01,0,42.2,42.6,42.2,,,157.50,157.50
2025-03-12 01:30:00,1741732200,3.1,3.1,3.1,77.0,38.3,2.0,SSE,0.80,2.67,SE,,758.57,0.00,0.00,22.50,39.0,6.90,351,15,38.7,38.3,,90,0,inches_0_01,0,42.0,42.4,42.0,,,157.50,135.00
2025-03-12 01:45:00,1741733100,3.0,3.1,3.0,77.0,38.2,2.0,SSE,0.80,3.11,SSE,,758.65,0.00,0.00,22.40,39.0,6.80,351,15,38.3,38.1,,105,0,inches_0_01,0,42.0,42.0,41.9,,,157.50,157.50
2025-03-12 02:00:00,1741734000,3.0,3.0,3.0,77.0,38.1,3.0,SSE,1.20,4.00,SSE,,758.65,0.00,0.00,22.20,40.0,7.20,351,15,38.2,38.1,,120,0,inches_0_01,0,41.9,42.0,41.9,,,157.50,157.50
2025-03-12 02:15:00,1741734900,2.9,2.9,2.9,78.0,38.4,2.0,SSE,0.80,2.67,ESE,,758.72,0.00,0.00,22.20,40.0,7.30,350,15,38.4,38.3,,135,0,inches_0_01,0,42.0,42.0,41.9,,,157.50,112.50
2025-03-12 02:30:00,1741735800,2.9,2.9,2.9,78.0,38.4,3.0,SE,1.20,3.56,SE,,758.60,0.00,0.00,22.00,40.0,7.10,350,15,38.5,38.4,,150,0,inches_0_01,0,42.0,42.1,42.0,,,135.00,135.00
2025-03-12 02:45:00,1741736700,2.9,2.9,2.9,78.0,38.4,3.0,SE,1.20,3.11,SE,,758.70,0.00,0.00,21.80,40.0,6.90,351,15,38.5,38.4,,165,0,inches_0_01,0,42.0,42.1,42.0,,,135.00,135.00
2025-03-12 03:00:00,1741737600,2.9,2.9,2.9,78.0,38.3,4.0,SE,1.60,4.00,SE,,758.77,0.00,0.00,21.90,40.0,6.90,349,15,38.5,38.3,,180,0,inches_0_01,0,41.9,42.1,41.9,,,135.00,135.00
2025-03-12 03:15:00,1741738500,2.8,2.8,2.8,79.0,38.7,3.0,SE,1.20,3.11,SE,,758.85,0.00,0.00,21.60,40.0,6.70,349,15,38.8,38.6,,195,0,inches_0_01,0,42.0,42.1,41.9,,,135.00,135.00
2025-03-12 03:30:00,1741739400,2.8,2.8,2.8,79.0,38.6,3.0,SSE,1.20,3.11,ESE,,758.88,0.00,0.00,21.50,41.0,7.20,350,15,38.7,38.6,,210,0,inches_0_01,0,41.9,42.0,41.9,,,157.50,112.50
2025-03-12 03:45:00,1741740300,2.8,2.8,2.8,79.0,38.6,3.0,SE,1.20,3.56,SE,,758.80,0.00,0.00,21.60,41.0,7.30,350,15,38.6,38.5,,225,0,inches_0_01,0,41.9,41.9,41.8,,,135.00,135.00
2025-03-12 04:00:00,1741741200,2.8,2.8,2.8,79.0,38.6,2.0,SSE,0.80,2.22,SSE,,758.77,0.00,0.00,21.40,41.0,7.10,350,15,38.7,38.5,,240,0,inches_0_01,0,41.9,42.0,41.8,,,157.50,157.50
2025-03-12 04:15:00,1741742100,2.8,2.8,2.8,79.0,38.7,2.0,SE,0.80,2.67,ESE,,758.88,0.00,0.00,21.10,41.0,6.90,346,15,38.7,38.6,,255,0,inches_0_01,0,42.0,42.0,41.9,,,135.00,112.50
2025-03-12 04:30:00,1741743000,2.8,2.8,2.8,79.0,38.8,2.0,SSE,0.80,1.78,SE,,758.88,0.00,0.00,21.10,41.0,7.00,350,15,38.8,38.7,,270,0,inches_0_01,0,42.1,42.1,42.0,,,157.50,135.00
2025-03-12 04:45:00,1741743900,2.8,2.8,2.8,79.0,38.8,2.0,SE,0.80,3.11,SE,,759.00,0.00,0.00,21.00,41.0,6.90,351,15,38.9,38.7,,285,0,inches_0_01,0,42.1,42.2,42.0,,,135.00,135.00
2025-03-12 05:00:00,1741744800,2.8,2.8,2.8,79.0,38.9,3.0,SE,1.20,3.11,SE,,758.85,0.00,0.00,20.80,41.0,6.80,349,15,38.9,38.8,,300,0,inches_0_01,0,42.2,42.2,42.1,,,135.00,135.00
2025-03-12 05:15:00,1741745700,2.8,2.8,2.8,79.0,38.9,2.0,SE,0.80,3.11,SE,,758.72,0.00,0.00,20.90,41.0,6.90,349,15,38.9,38.8,,315,0,inches_0_01,0,42.2,42.2,42.1,,,135.00,135.00
2025-03-12 05:30:00,1741746600,2.8,2.8,2.8,79.0,38.9,1.0,SE,0.40,1.78,SE,,758.80,0.00,0.00,20.70,41.0,6.70,352,15,39.0,38.8,,330,0,inches_0_01,0,42.2,42.3,42.1,,,135.00,135.00
2025-03-12 05:45:00,1741747500,2.8,2.8,2.8,79.0,39.0,2.0,SE,0.80,1.33,SE,,759.00,0.00,0.00,20.60,41.0,6.70,347,15,39.0,38.9,,345,0,inches_0_01,0,42.3,42.3,42.2,,,135.00,135.00
2025-03-12 06:00:00,1741748400,2.8,2.8,2.8,79.0,39.0,2.0,SE,0.80,2.22,S,,759.00,0.00,0.00,20.60,41.0,6.70,351,15,39.0,38.9,,360,0,inches_0_01,0,42.3,42.3,42.2,,,135.00,180.00
